Time,FSC-A,FSC-H,FSC-W,SSC-A,SSC-H,SSC-W,HV 450-A,PE-A
0.1,89145.28,69958.39,83510,25524.78,68021.79,24592,137.2,-10.200001
0.4,115971.96,73970.67,102748,50544.57,70233.42,47164,613.48004,21166.701
0.4,74320.6,70727.875,68865,18496.77,66454.93,18241,17254.86,46.75
0.8,75896.164,70680.55,70372,24929.58,67355.914,24256,73.5,1.7
0.9,120256.64,74838.234,105309,76134.45,70385.37,70889,833.98004,45606.75
1,76642.805,71885.61,69873,30901.11,68119.85,29729,17834.041,85
1.5,140249.33,74964.37,122610,82930.89,72056.836,75426,683.06,30349.25
1.7,83839.24,69699.59,78831,19895.49,67199.45,19403,142.1,15.3
2.7,73722.88,71691.47,67393,28530.541,67694.055,27621,-57.82,73.950005
2.9,79600.12,69559.36,74996,26189.73,68142.38,25188,156.8,23.800001
3.1,90717.44,74244.266,80077,39064.65,90104.56,28413,210.7,153.85
3.5,77216.04,71738.46,70540,25071.871,68122.305,24120,138.18001,87.55
3.6,97849.96,69967.1,91653,36030.06,68069.586,34689,25219.32,39.95
3.7,81936.6,70697.08,75955,27212.73,67413.09,26455,306.74002,11.900001
4,74146.52,69524.37,69893,25043.041,72888.07,22517,13367.2,38.25
4,99815.164,75800.26,86299,49837.77,70102.984,46591,597.8,29088.701
4,112552.92,74829,98575,51405.75,70522.44,47771,2070.74,27955.65
4.7,81442.92,69931.4,76324,21678.3,65956.78,21540,13600.44,79.9
4.8,100314.96,69776.17,94219,33935.7,66765.03,33311,83.3,62.050003
5.1,119411.4,72921.766,107317,57363.332,69885.734,53793,669.34,40608.75
5.3,72240.484,70716.87,66948,25496.88,66593.484,25092,15381.101,1.7
5.5,67492.72,70147.22,63056,24854.25,66931.63,24336,13115.34,1.7
5.6,90713.36,71183.86,83516,34033.35,67711.29,32940,128.38,-12.75
5.6,93041,69138.54,88193,27273.18,66442.7,26901,13640.62,107.950005
5.6,88417.68,70085.64,82678,25721.94,66919.94,25190,14996.94,62.9
5.6,78085.08,70333.34,72759,27741.9,67953.4,26755,105.840004,90.100006
5.8,73350.92,70009.41,68664,24027.48,67109.83,23464,13192.761,85.850006
6,77067.805,69383.69,72794,24652.44,66393.62,24334,78.4,-52.7
6.3,74538.2,69771.836,70013,27771.66,66773.43,27257,32.34,12.75
6.5,76784.24,71555.38,70325,25751.701,67687.945,24933,91.14,-1.7
6.9,88814.805,75938.93,76648,59345.16,73073.13,53224,538.02,42375.05
6.9,58743.16,68076.47,56551,38446.2,67835.4,37143,32.34,41.65
7.2,102672.52,71105.85,94630,32694.15,67416.91,31782,156.8,30.6
7.6,96220,70427.58,89537,31922.25,67431.32,31025,12474.42,42.5
7.6,121237.2,71908.64,110493,56095.742,70723.734,51981,431.2,19686.85
7.6,85141.44,69910.414,79814,29270.82,66862.76,28690,11455.221,7.65
7.6,114408.64,74189.47,101064,70397.28,70799.16,65164,1074.0801,27781.4
7.7,94498.92,70350.34,88032,28378.02,67579.29,27520,13625.92,3.4
7.9,77588.68,71195.47,71421,23402.52,68576.234,22365,17247.02,60.350002
7.9,85787.44,70485.89,79763,28290.6,67442.17,27491,160.72,188.70001
8,67200.32,74826.11,58857,35609.7,67657.71,34493,153.86,22.95
8,88596.52,79095.766,73408,36918.21,104341.55,23188,14573.58,115.600006
8.4,74865.28,70704.125,69393,24390.18,70799.26,22577,11571.84,-2.5500002
8.5,158544.72,73984,140441,81547.984,75419.89,70861,717.36,41163.8
8.6,92484.08,75379.47,80407,53921.402,72196.32,48947,1002.54004,37244.45
8.9,89072.52,70141.51,83224,23947.5,67473.06,23260,-17.64,-56.100002
8.9,82297,71094.16,75863,30906.69,67107.34,30183,161.7,13.6
9.2,68676.6,70474.6,63864,21071.94,65810.65,20984,13513.221,-62.9
9.4,114284.2,74272.66,100841,57784.62,70995.55,53341,1332.8,46934.453
9.5,86974.72,70856.44,80444,27000.69,68416.22,25864,16018.101,43.350002
9.7,85926.164,70509.695,79865,32923.86,69386.05,31097,18041.8,29.75
9.7,77656,70992.836,71687,34238.88,68130.55,32935,187.18001,36.55
9.8,112792.28,72929.89,101357,55535.88,72333.4,50317,1689.52,48446.6
9.9,77145.32,69324.91,72929,30937.38,68016.77,29809,107.8,34
10.2,78013.68,69243.125,73837,19271.46,65354.434,19325,13545.561,51.850002
10.3,111180.68,69667.055,104588,38215.56,68160.65,36744,83.3,74.8
10.3,83444.84,68912.76,79356,16345.68,65800.4,16280,12726.28,-9.35
10.3,103158.72,71172.56,94989,29928.33,70744.2,27725,57.82,142.8
10.5,73671.2,71334.25,67683,23242.56,66612.34,22867,14394.24,0.85
11.4,76542.164,70137.97,71520,18912.48,66365.83,18676,5689.88,15.3
11.8,74521.2,70634.664,69142,18058.74,66154.14,17890,13076.141,-28.900002
12.4,120047.88,73510.47,107025,56460.3,68031.81,54389,1127.98,35870
12.8,89128.28,71557.695,81628,34791.3,68323.234,33372,15409.5205,10.200001
13.2,96871.44,70965.42,89460,35781.75,68391.06,34288,124.46,17
13.7,87200.484,82975.49,68873,51207.66,72412.234,46345,1036.84,45600.8
14,62829.96,71203.45,57829,20746.44,67425.67,20165,12056.94,64.6
14.1,78007.56,72389.68,70622,27494.52,68093.15,26462,116.62,35.7
14.5,74974.08,68758.766,71460,28570.53,67595.6,27700,9888.2,103.700005
14.7,96583.805,71334.414,88733,24247.89,67252.52,23629,17176.46,-5.9500003
14.8,93554.4,72119.664,85014,34075.2,68346.46,32674,18747.4,88.4
15.2,93269.484,70830.25,86298,31691.61,67271.54,30874,32.34,75.65
15.4,128762.76,76072.734,110928,51473.64,77193.98,43700,1432.76,130.05
15.9,81674.12,71005.33,75383,32810.4,70688.125,30419,100.94,73.1
16.3,100971.84,77517.62,85365,47148.21,70705.59,43701,1432.76,338.30002
16.5,96054.08,78454.1,80238,49831.26,96476.86,33850,39.2,38.25
16.5,87557.484,71026.59,80789,29179.68,68687.17,27841,180.32,17.85
16.7,112761.68,74550.33,99127,35472.06,69512.21,33443,588.98004,183.6
16.8,75930.164,71128.63,69960,21788.041,67634.58,21112,10774.12,52.7
17.8,89462.164,71260.06,82276,31721.371,67243.23,30916,110.740005,156.40001
17.9,78070.12,73444.01,69664,24062.82,68055.45,23172,24.5,123.25
17.9,101351.96,71108.8,93409,39545.46,68056.28,38081,65.66,27.2
18,82236.484,70292.28,76672,29904.15,66379.84,29524,9100.28,74.8
18.1,91468.84,70860.35,84596,28174.35,67605.24,27312,24456.88,15.3
18.3,72656.64,72412.45,65757,24470.16,66973.336,23945,15514.38,-4.25
18.4,88689.68,70681.68,82233,25269.96,66272.84,24989,15213.5205,44.2
18.6,90564.44,68821.445,86241,19748.55,65388.83,19793,75.46,96.05
18.6,82490.12,69658.7,77608,18161.041,66137.02,17996,70.56,4.25
18.8,93696.52,70737.33,86807,29209.44,67701.84,28275,45.08,-48.45
19,119207.4,72352.89,107976,61747.35,70147.6,57688,1152.48,20587.85
19.1,99705.68,70174.63,93115,27941.85,67614.26,27083,21.560001,38.25
19.5,69883.6,71240.23,64288,18830.64,66192.06,18644,11799.2,24.650002
19.6,90216.28,70526.1,83833,29753.49,68091.1,28637,17415.58,26.35
19.8,80675.88,69684.53,75873,28100.88,66761.625,27585,165.62001,34.850002
19.9,78150.36,71356.19,71776,37731.03,67546.46,36608,9.8,9.35
20.1,80221.64,71300.39,73736,35579.94,68824.29,33880,126.420006,-39.100002
20.5,99819.92,74966.46,87263,46741.8,70466.99,43471,635.04004,28180.9
20.5,71725.04,72479.29,64854,26224.14,68183.18,25206,14363.86,-7.65
20.7,86579.64,70368.375,80634,18673.47,65901.164,18570,15011.641,58.65
21.4,87488.12,71121.74,80617,39523.14,68261.66,37945,12764.5,49.300003
21.4,78528.44,71151.234,72331,22992.39,67140.28,22443,17251.92,17
21.4,108819.72,75376.63,94613,67730.04,70621.23,62853,1146.6,26304.951
21.5,91627.28,70913.516,84679,27329.91,67539.99,26519,128.38,6.8
22.2,80076.12,75730.09,69297,29628.871,80194.836,24213,74.48,161.5
22.2,82292.24,71095.67,75857,28179.93,67695.45,27281,203.84,69.700005
22.5,103410.32,85147.99,79592,49852.65,105161.04,31068,98,80.75
22.8,74931.92,71626.875,68560,22745.94,66064.43,22564,18.62,79.9
22.9,112989.484,73242.39,101101,58528.62,69698.76,55033,646.8,55317.152
22.9,104626.164,77596.12,88365,36839.16,103364.8,23357,218.54001,-16.15
23,122478.88,76614.04,104769,55461.48,73391.695,49525,955.5,59639.402
23.4,79465.484,71078.49,73269,22281.871,67501.72,21633,-13.72,-13.6
23.6,78893.6,70678.87,73153,32875.5,67318.51,32005,143.08,65.450005
23.7,99862.08,77624.97,84310,68409.87,75281.41,59554,1887.48,31660.8
23.9,77293.56,72326.22,70037,19920.6,67541.85,19329,14603.96,39.95
24.3,86544.96,72515.65,78215,138660.22,71346.86,127367,102.9,356.15002
24.4,78125.2,70063.266,73077,24085.14,66474.79,23745,16362.08,21.25
24.4,82408.52,69752.48,77427,20791.08,66159.95,20595,15189.0205,71.4
25,79706.2,72242.33,72307,32568.6,67666.86,31543,31.36,17.85
25,91609.6,72007.85,83376,43591.89,69529.75,41088,104.86,49.300003
25.1,65732.2,72692.43,59261,24772.41,69662.51,23305,14945,48.45
25.5,77609.08,76354.3,66613,33937.56,85579.75,25989,12375.44,51
25.8,107178.2,73931.72,95007,51642.902,69089.13,48987,1764.98,21280.602
25.8,129592.36,76096.38,111608,52347.84,70793.805,48460,19675.46,-28.050001
26.5,116509.164,75626.41,100964,61094.492,71841.83,55732,617.4,38830.55
26.7,115315.76,72559.23,104154,57367.05,70698.55,53178,1274,28182.602
26.8,84171.08,72143.49,76462,26280.871,68363.234,25194,15496.74,57.800003
27,127724.4,74797.8,111909,60339.332,73995.59,53441,1047.62,36596.75
27.1,68461.04,71265.51,62957,24869.13,66815.21,24393,16470.86,1.7
27.1,93707.4,70111.52,87592,26371.08,68116.625,25372,47.04,50.15
28.2,69905.36,72302.72,63363,33174.96,67724.336,32103,84.28,7.65
28.2,79538.92,70650.484,73781,25009.56,71383.06,22961,16668.82,67.15
28.3,108969.32,72850.016,98029,39599.4,68945.73,37641,1148.56,35776.5
28.5,87305.2,72059.07,79402,30943.89,68083.63,29786,14.700001,-7.65
28.7,82008.68,70499.38,76235,18421.44,66541.78,18143,14650.0205,53.550003
28.7,84407.04,70707.11,78234,22327.44,66228.44,22094,79.380005,56.95
29,77522.72,70323.61,72245,24512.94,67371.78,23845,55.86,-4.25
29.3,118152.04,77067.586,100473,56862.992,78538.5,47449,926.10004,28994.352
29.7,96222.04,74450.21,84701,52087.44,70260.414,48585,1055.46,32660.4
29.8,130747.68,72783.7,117728,60741.09,69205.99,57520,1528.8,38794.85
29.8,102275.4,71624.805,93581,70765.56,72273.09,64169,80.36,79.9
30.3,73213.56,71238.46,67353,17645.82,66703.38,17337,15921.08,-13.6
31,110012.44,76043.66,94811,50997.48,69537.3,48063,1506.26,22765.55
31.2,109124.36,73233.805,97654,38462.94,69891.51,36066,1220.1,418.2
31.2,76440.164,70759.81,70797,29017.86,67587.68,28137,112.700005,5.9500003
32,80002,69005.14,75980,18235.44,65205.03,18328,13724.9,8.5
32.5,101791.92,80190.35,83190,39570.57,85933.36,30178,75.46,30.6
32.9,75687.4,68736.74,72163,14993.46,64837.445,15155,9091.46,45.050003
33.4,98334.12,72211.3,89244,31776.24,75158.37,27708,19074.72,49.300003
33.4,73375.4,71715.36,67053,38553.15,68455.375,36909,72.520004,4.25
33.5,68155.04,69894.51,63905,27093.69,66679.64,26629,15610.42,-16.15
33.6,88435.36,70931.85,81708,40861.41,67994.45,39384,15069.46,48.45
33.8,75401.12,73499.04,67232,30467.73,68073.55,29332,11.76,30.6
33.8,83758.32,70748.77,77587,25609.41,66666.87,25175,20075.3,38.25
33.9,95942.56,70251.97,89502,33086.61,67470.414,32138,3070.34,51
34.6,112105.484,71802.21,102322,58362.152,68142.21,56130,256.76,45.050003
34.8,102981.92,71474.97,94425,64282.53,70390.82,59849,211.68001,35.7
34.9,69084.6,71124.93,63656,28439.4,67275.66,27704,15304.66,-26.35
35.2,79730,68767.81,75983,21977.76,65568.1,21967,18.62,11.05
35.3,85937.04,70144.48,80291,19465.83,66432.984,19203,15859.34,71.4
35.7,84790.56,70128.41,79238,25431.78,66769.375,24962,98.98,-13.6
36.2,138084.2,73808.29,122608,56808.12,71223.164,52272,1624.8401,37434.85
36.7,79668.805,70727.49,73821,21907.08,68155.83,21065,98,2402.95
36.8,112793.64,69680.4,106085,34649.94,67840.305,33473,127.4,26.35
37.1,89002.484,70134.39,83167,24022.83,66364.305,23723,16866.781,11.900001
37.2,69206.32,73743.266,61504,27320.61,79690.38,22468,4918.62,54.4
38,82515.28,71690.016,75432,30042.72,67845.625,29020,20.58,103.700005
38.1,79661.32,70347.3,74213,33198.21,73410.875,29637,9025.8,58.65
38.2,78739.92,70361.33,73340,24002.371,65684.8,23948,13293.7,15.3
38.4,81412.32,69863.92,76369,23889.84,66927.91,23393,16458.121,5.1000004
38.7,88149.08,69895.56,82651,22226.07,66795.42,21807,17553.76,92.65
38.8,86676.88,70786.266,80248,28891.38,67410.48,28088,167.58,32.3
38.9,82466.32,68743.96,78618,23821.02,65237.543,23930,93.1,-36.55
39.4,90482.84,71283.78,83187,21512.76,66732.63,21127,14343.28,62.050003
39.4,83820.2,70694.445,77704,22387.89,66090.67,22200,17069.64,64.6
39.5,92847.2,71965.59,84552,33134.04,68700.086,31608,80.36,-29.75
40,90325.76,70627.69,83814,31111.291,67913.84,30022,145.04001,97.75
40.1,74533.44,69960.234,69820,24895.17,73744.8,22124,14995.96,89.25
40.2,89454.68,71549.77,81936,27840.48,67227.484,27140,10.780001,22.95
40.6,89354.72,71059.6,82409,30398.91,67834.2,29369,164.64,49.300003
41.2,79670.164,70891,73652,21356.52,66967.51,20900,14005.181,0
41.4,80218.24,71712.66,73309,26930.94,68448.56,25785,86.240005,40.800003
41.5,113594,73870.984,100777,67930.92,71206.81,62521,793.8,22558.15
41.6,81145.76,69241.68,76803,18118.26,70919.086,16743,12841.92,41.65
41.7,83319.04,75762.03,72073,23795.91,85662.664,18205,10123.4,115.600006
42.3,75809.12,71309.81,69671,27159.72,68063.92,26151,98,31.45
42.9,65868.2,71201.586,60627,21887.55,69703.22,20579,12142.2,-4.25
43,77966.08,70562.68,72412,20525.1,67540.32,19916,13941.48,51
43.2,95411.484,72237.6,86560,39195.78,69832.945,36784,188.16,-11.05
43.6,100033.44,70565.98,92903,30344.041,69428.03,28643,43.120003,-62.050003
44,79302.96,71029.1,73170,19400.73,67508.03,18834,10334.101,99.450005
44,89853.164,71501.984,82356,38225.79,68944.445,36336,164.64,33.15
44.9,78590.32,70423.53,73136,26422.23,67503.79,25652,17328.36,37.4
45,122282.36,74213.74,107984,66184.38,73441.58,59060,2499,38496.5
45.3,126066.56,71765.22,115124,52440.84,69711.21,49300,1501.36,53537.25
45.6,80560.28,71220.82,74130,26652.871,67918.29,25718,15500.66,-11.05
45.8,94819.88,71014.41,87505,32237.52,68379.39,30897,88.200005,25.5
45.9,88424.484,70161.48,82595,22094.94,66001.83,21939,12097.12,91.8
46,86183.2,77023.08,73330,32572.32,90016.84,23714,-23.52,42.5
46.2,73287.68,72377.66,66360,21788.97,67791.586,21064,14557.9,-20.400002
46.5,110595.88,72869.97,99465,46402.35,74576.95,40777,4272.8003,39.95
46.7,73312.164,70205.54,68436,24521.31,66505.08,24164,14406,62.050003
46.8,81918.24,70341.375,76322,32013.39,70116.62,29922,69.58,60.350002
46.8,70683.28,70968.08,65273,25017,67522.516,24281,13997.34,-7.65
46.9,98771.36,80170.914,80741,39238.56,83057.336,30961,-78.4,99.450005
47,89410.484,71723.63,81697,27528,67343.875,26789,67.62,16.15
47.4,63840.44,70679.07,59195,22191.66,66351.23,21919,9498.16,-5.9500003
47.9,72405.72,72071.41,65840,27444.3,67393.195,26688,-41.16,73.1
48,84695.36,69544.99,79813,32446.77,68752.02,30929,338.1,-58.65
48.2,90120.4,75133.97,78608,39435.72,86275.18,29956,29.400002,10.200001
48.2,146735.16,72449.46,132733,64494.57,71521.67,59097,686,46086.152
48.3,93034.2,74347.5,82008,31399.59,68031.06,30248,-20.58,34
48.4,70866.2,71301.39,65136,23414.61,67587.2,22704,14287.42,55.25
49,86071.68,72096.04,78240,37426.92,70216.73,34932,66.64,48.45
49.1,88839.28,69672.375,83565,23895.42,66954.99,23389,74.48,58.65
49.2,99745.805,69579.68,93949,30361.71,66519.07,29913,-15.68,88.4
49.4,96386.6,72392.96,87257,39898.86,74502.42,35097,19924.38,56.95
49.7,90825.56,71572.71,83165,32101.74,67101.07,31353,24.5,-9.35
50.1,93801.24,69497.8,88454,24070.26,66610.445,23682,15629.04,-28.050001
50.4,82588.72,70561.16,76707,30101.31,66423.77,29699,15772.12,-30.6
50.8,74432.12,70960.74,68742,32415.15,68224.01,31138,9.8,0
50.8,99645.164,70581.55,92522,34901.97,68120.055,33578,16784.46,75.65
51.1,80949.92,70980.25,74741,26442.69,67385.31,25717,15.68,56.95
51.1,100834.484,70367.56,93911,62247.69,69907.72,58355,1023.12,28782.701
51.5,84460.08,70575.625,78429,36708.96,67827.08,35469,89.18,-11.900001
51.7,88680.84,69118.83,84084,32579.76,66949.305,31892,46.06,31.45
51.8,90367.24,69898.7,84727,26292.03,65889.42,26151,16422.84,82.450005
52,94763.44,72961.58,85119,34527.18,68921.85,32831,188.16,43.350002
52.3,83881.4,71069.836,77350,24546.42,77436.9,20774,121.520004,28.050001
52.3,75607.84,69557.05,71237,22628.76,65686.25,22577,11937.38,31.45
52.4,93672.72,71561.875,85785,33739.47,67427.49,32793,66.64,12.75
52.5,81427.28,69846.58,76402,32175.21,67998.53,31010,215.6,56.95
52.7,84056.84,70349,78306,27346.65,67788.414,26438,12114.76,40.800003
53.1,87908.36,72284.69,79701,41815.59,66792.43,41029,156.8,57.800003
53.1,67959.88,71502.49,62289,23273.25,69923.25,21813,15983.801,53.550003
53.3,94246.64,69904.46,88357,34266.78,67967.305,33041,18261.32,31.45
53.4,69347.76,70313.375,64636,26510.58,68737.04,25276,108.78,19.550001
53.5,82800.88,70016.76,77502,23051.91,67269.12,22458,15157.66,23.800001
53.5,87479.28,69514.17,82473,40079.28,66664.195,39401,-92.12,61.2
54,125800.68,75173.23,109673,52970.94,71759.375,48377,950.60004,40162.5
54.2,76255.88,69387.63,72023,27687.96,66970.22,27095,27.44,52.7
54.3,113808.2,72720.08,102565,62169.57,70105.91,58117,867.3,54182.402
54.3,73126.52,71034.59,67466,34045.44,67436.445,33086,8883.7,12.75
54.4,69863.2,71341.51,64178,19224.03,66878.97,18838,-23.52,25.5
54.5,99438.44,69184.12,94195,28609.59,65901.305,28451,-71.54,-18.7
54.8,85376.04,70104.8,79812,28407.78,66901.41,27828,13955.2,113.9
54.9,74018.68,70101.56,69198,28552.86,67228.586,27834,11302.34,34.850002
55,102195.84,71787.72,93296,42793.95,68705.15,40820,979.02,17834.701
55.1,111325.52,76038.62,95949,46618.11,71174.48,42925,1553.3,5660.1504
55.2,88997.72,71245.14,81866,26583.121,66764.44,26094,158.76001,-38.25
55.2,81450.4,70365.586,75860,30739.291,68095.266,29584,21343.42,19.550001
55.3,78470.64,69675.14,73809,30571.89,67357.85,29745,227.36,66.3
55.4,109079.484,78725.11,90805,44057.82,71866.32,40177,1351.42,45928.05
55.5,89583.88,70148.875,83693,32996.4,67549.18,32013,151.90001,-35.7
55.6,78627.72,70259.15,73342,32003.16,67547.8,31050,11293.5205,15.3
55.8,81640.12,71928.04,74385,22486.47,66775.72,22069,20361.46,102
55.9,74119.32,72145.49,67329,32937.81,68446.98,31537,123.48,30.6
56.2,83980,69495.72,79195,21473.7,66699.85,21099,14845.04,18.7
56.2,83304.08,71149.15,76732,34319.79,67959.32,33096,61.74,24.650002
56.3,101439,76690.4,86685,39630.09,71870.87,36137,1003.52,1407.6001
56.5,69399.44,69614.01,65334,27614.49,66755.57,27110,9727.48,-25.5
56.7,85904.4,71047.836,79240,29895.78,67972.87,28824,25.48,40.800003
56.8,92289.6,72439.836,83494,32510.94,68637.234,31042,74.48,31.45
57,71329.96,69243.234,67511,23652.69,65452.125,23683,10556.561,5.9500003
57.1,73897.64,70258.03,68931,28435.68,67503.195,27607,62.72,104.55
57.3,109377.32,72605.79,98727,52307.85,69990.15,48979,114.66,5.9500003
57.9,112206.805,75619.17,97245,45136.62,69691.92,42445,1222.06,25778.8
58.1,77521.36,70520.53,72042,32493.27,68256.91,31198,93.1,-9.35
58.1,84649.12,69063.98,80325,29281.05,66471.41,28869,12384.26,0
58.2,77464.92,72156.87,70357,31016.43,67359,30177,107.8,39.95
58.3,78460.44,70131.66,73319,31328.91,66724.24,30771,97.020004,31.45
58.4,77018.164,71359.37,70733,24328.8,66720.19,23897,53.9,5.9500003
58.7,71417,69865.875,66991,27795.84,67013.516,27183,132.3,-18.7
59.3,70148.8,71496.12,64301,23138.4,67034.98,22621,9909.76,32.3
59.4,88098.08,70248.65,82188,25096.05,67738.67,24280,14187.46,36.55
59.4,100960.28,70569.58,93759,27841.41,68991.37,26447,28.42,51
59.5,85527,69587.914,80547,24671.97,67094.17,24099,17940.86,-6.8
59.6,89998.68,71319.01,82701,30265.92,66594.164,29785,21848.121,21.25
59.6,81218.52,70565.25,75430,28984.38,67488.11,28146,33.32,0
59.7,73247.56,71775.61,66880,28573.32,67485.266,27748,19215.84,2.5500002
59.8,82865.484,70269.04,77284,31638.6,67911.27,30532,13909.141,68
59.9,83847.4,70274.234,78194,31338.21,67768.13,30306,70.56,68
60,83867.805,73530.89,74749,20490.69,68038.6,19737,-19.6,58.65
60.5,78831.72,72323.93,71433,35574.36,69006.99,33785,84.28,44.2
60.7,88291.2,70033.68,82621,26228.791,67406.38,25501,18107.46,124.950005
60.7,82802.92,71045.17,76382,34207.26,69127.57,32430,74.48,60.350002
60.8,86707.484,69702.94,81524,25952.58,66015.69,25764,17640.98,14.450001
60.8,100083.08,77603.46,84520,74725.5,72145.12,67880,763.42004,24534.4
60.9,83717.52,71105.65,77160,29251.291,68162.875,28124,18.62,-16.15
61.2,85397.12,70493.95,79391,22312.56,66676.21,21931,14579.46,-27.2
61.3,89038.52,72755.74,80203,29063.43,87859.26,21679,67.62,-22.1
61.7,115916.2,78546.305,96716,54514.742,81508.445,43832,1171.1,72.25
62.2,98006.36,88102.61,72903,42014.61,97769.04,28163,38.22,35.7
62.2,92825.44,71565.305,85005,25610.34,67079.625,25021,131.32,72.25
62.4,92659.52,70014.93,86732,24412.5,66496.164,24060,15989.681,55.25
62.4,91855.76,70393.72,85517,32522.1,69288.01,30761,119.560005,47.600002
62.8,111955.2,73848.766,99353,54933.242,70500.445,51065,980,37152.652
62.9,121097.125,71372.74,111194,46633.92,69016.77,44282,1131.9,4408.95
63.2,98954.96,70793.53,91606,35416.26,66600.86,34850,87.22,-5.9500003
63.3,110786.96,73084.78,99344,46846.89,68973.71,44512,605.64,29561.3
63.3,105353.76,73465.81,93982,42320.582,68330.17,40590,893.76,11174.95
63.3,106283.32,73282.05,95049,54452.43,68949.02,51757,1128.96,41538.652
63.4,111554,76294.87,95823,47126.82,85499.63,36123,-38.22,24.650002
63.5,80328.4,69896.59,75317,22373.01,66151.03,22165,20.58,51.850002
63.8,94596.164,71080.81,87217,31570.71,68120.305,30373,48.02,50.15
63.9,102890.805,71576.21,94208,31274.041,67411.375,30404,71.54,32.3
64.1,83885.484,71525.47,76861,36929.37,68334.51,35417,43.120003,15.3
64.8,83865.76,71108.984,77293,29753.49,67797.52,28761,18757.201,40.800003
65.2,84621.92,69358.695,79958,27966.03,66246.72,27666,-44.100002,3.4
65.2,83911.32,71365.516,77057,27775.38,67266.08,27061,17433.22,60.350002
65.6,73939.8,69648.41,69574,18077.34,65693.5,18034,11833.5,-8.5
66,76816.88,69282.46,72663,20955.69,65164.984,21075,105.840004,49.300003
66.6,73178.88,69400.484,69104,29393.58,67562.35,28512,15114.54,28.050001
66.9,92919.96,74225.42,82042,40533.12,75961.64,34970,7.84,144.5
66.9,105446.92,75688.305,91303,45183.12,70497.85,42003,2415.7,21384.3
67,83973.2,69226.984,79496,26564.52,66235.445,26284,42.14,-31.45
67.7,83505.36,70435.25,77697,30563.52,66979.13,29905,86.240005,98.600006
67.9,79870.76,70221.89,74541,24445.98,68136.43,23513,12726.28,21.25
67.9,80897.56,69332.305,76468,21576,66648.03,21216,19.6,45.050003
68.2,79003.76,69229.305,74789,20837.58,65638.625,20805,15270.36,77.35
68.5,77752.56,68915.234,73940,20169.84,65724.47,20112,12894.84,56.100002
68.6,89860.64,70258.98,83820,28546.35,67792.92,27596,171.5,-11.900001
68.8,82304.484,69570.08,77532,26346.9,66298.21,26044,13512.24,57.800003
68.8,99136.52,70668.84,91936,34981.95,67010.914,34212,18509.26,4.25
68.9,66946.68,69285.23,63324,26030.701,67322.336,25340,167.58,56.95
69.2,118928.6,71297.54,109318,55608.42,67989.13,53602,685.02,31050.5
69.2,94641.04,69901.1,88731,37616.64,67877.54,36319,52.920002,59.5
69.3,75961.44,69545.54,71582,19257.51,65520.72,19262,11741.38,11.900001
69.4,74143.12,70818.12,68613,22470.66,67760.42,21733,140.14,66.3
69.8,89063,70739.195,82512,26805.39,67680.625,25956,-27.44,80.75
70.1,90578.72,71768.25,82713,27930.69,67822.66,26989,154.84,28.050001
70.2,82200.44,71224.81,75635,26448.27,67997.086,25491,-67.62,-11.900001
70.3,80146.84,68738.35,76413,23743.83,66089.44,23545,14388.36,50.15
70.4,104214.08,69322.32,98522,36679.2,67587.24,35566,35.28,-15.3
70.7,72432.24,68186.21,69617,26432.46,66449.72,26069,12437.181,8.5
70.9,63042.8,70246.94,58815,21735.03,66789.836,21327,49,-27.2
71.4,98748.92,71484.22,90532,38734.5,67715.11,37488,15265.46,5.1000004
71.8,72284.68,71120.25,66609,20012.67,66424.43,19745,11538.5205,98.600006
71.8,98704.72,71202.91,90849,34378.38,68956.68,32673,93.1,34.850002
72,68548.08,70892.19,63369,23040.75,66575.49,22681,13967.94,38.25
72.5,87218.164,69789.87,81902,32309.13,67044.875,31582,71.54,-31.45
73.2,89959.92,69883.05,84364,25079.31,66424.09,24744,42.14,5.1000004
73.4,86325.32,70703.57,80016,22484.61,65642.88,22448,16291.5205,62.050003
73.8,73845.96,71538.34,67650,20567.88,66211.64,20358,17405.781,48.45
74.3,102862.24,76265.45,88391,29522.85,87488.555,22115,16866.781,75.65
74.5,86360.68,70017.62,80833,26565.451,66265.5,26273,19410.861,17.85
74.7,70502.4,69955.87,66048,27946.5,65224.43,28080,15263.5,28.050001
75,102937.72,77230.09,87351,50515.742,70977.414,46643,1198.54,34557.6
75.4,94381.96,71099.19,86997,31013.64,67059.625,30309,162.68001,51
75.5,85188.36,71062.766,78563,19336.56,66883.46,18947,58.800003,-19.550001
75.6,82527.52,69606.875,77701,31868.31,67842.18,30785,145.04001,3.4
76.1,102710.6,76150.445,88394,48457.65,80819.47,39294,1128.96,67.15
76.3,78934.4,72012.875,71835,22168.41,65658.65,22127,16259.181,32.3
76.3,99777.76,70016.33,93393,35295.36,66889.82,34581,54.88,103.700005
76.9,98726.484,70885.44,91276,29731.17,67179.08,29004,106.82,86.700005
77.2,131701.72,85229.625,101270,55246.652,83375.05,43426,1286.74,323.85
77.8,82033.84,73710.79,72936,32573.25,82028.92,26024,14352.101,4.25
78.2,111355.44,72487.88,100676,54291.54,69147.43,51456,2046.24,28928.05
78.2,65566.28,70594.59,60868,22705.95,65901.555,22580,12410.721,38.25
78.4,81367.44,73473.64,72577,25825.17,77590.35,21813,15302.7,12.75
78.4,62649.082,71185.58,57677,49266.75,73815.086,43741,-32.34,-8.5
78.5,131682,74237.08,116248,60704.82,73941.55,53804,1826.7201,29190.701
78.6,83246.96,69665.86,78312,28748.16,69645.11,27052,13433.84,39.100002
78.7,90965.64,70660.97,84368,27685.17,67368.76,26932,121.520004,-33.15
78.8,96735.44,71350.72,88852,29601.9,67463.836,28756,13079.08,38.25
78.8,80129.164,70749.95,74224,26935.59,67936.07,25984,18725.84,20.400002
79.2,84585.88,70888.64,78199,29648.4,66865.26,29059,12081.44,9.35
79.5,106814.4,73120.47,95735,52252.98,69104.055,49555,952.56,33220.55
79.9,81761.84,69385.24,77226,26740.291,65171.133,26890,119.560005,-36.55
80.1,121445.96,74533.72,106785,64715.91,70587.03,60085,1913.9401,47236.203
80.2,88503.36,69924.37,82949,29784.18,67028.48,29121,55.86,66.3
80.5,104849.88,74809.12,91853,42482.4,69699,39945,3428.04,86.700005
81.1,94194.96,70592.36,87448,32568.6,68244.53,31276,52.920002,33.15
81.4,85714,70164.3,80060,28152.96,67455.125,27352,105.840004,133.45
81.4,73334.6,70349.35,68317,21425.34,66492.92,21117,13733.721,-20.400002
82.2,78669.88,71116.18,72497,24602.22,66987.875,24069,12680.221,11.05
82.2,94934.12,70890.13,87764,30645.36,67631.14,29696,10.780001,4.25
82.4,97954.68,70671.19,90837,33941.28,69052.12,32213,199.92,121.55
82.5,85633.76,70372.84,79748,31195.92,68440.55,29872,21946.121,19.550001
82.5,77904.2,72115.06,70797,28238.52,67647.75,27357,79.380005,32.3
82.7,78531.84,70597.97,72901,28673.76,68191.875,27557,-23.52,-22.95
82.9,78042.92,73539.83,69549,33390.72,69396.95,31533,100.94,-26.35
83.3,76874,71632.92,70331,24536.19,66306.7,24251,12880.141,49.300003
84.2,79354.64,70652.45,73608,24527.82,67089.12,23960,13237.84,71.4
84.4,90742.6,71724.664,82913,33688.32,68537.48,32213,126.420006,87.55
84.5,83504,70052.73,78120,25423.41,67729.61,24600,42.14,0.85
84.7,84589.96,70463.15,78675,31584.66,67260.195,30775,31.36,9.35
84.8,87135.2,69705.62,81923,23987.49,66423.47,23667,134.26001,18.7
85,82182.08,69694.03,77279,18445.621,66702.66,18123,51.940002,27.2
85.2,79177.84,70155.734,73964,24534.33,70434.63,22828,16671.76,82.450005
85.2,91306.32,70633.42,84717,38147.67,67713.39,36921,33.32,45.050003
85.8,75154.96,72584.336,67857,21794.55,67117.51,21281,17728.201,-23.800001
86.1,87106.64,71890.66,79407,26810.041,68136,25787,57.82,27.2
86.2,78282.96,71763.22,71490,26385.03,67709.67,25538,114.66,39.100002
86.2,81525.88,70082.51,76237,21650.4,66052.82,21481,13901.3,45.9
86.6,70173.96,72789.62,63181,29061.57,66740.69,28537,15428.141,28.900002
87.4,80355.6,71858.98,73285,35301.87,69307.2,33381,19228.58,40.800003
87.9,94167.76,70728.08,87255,29497.74,68955.38,28035,37.24,33.15
88,84922.484,71388.92,77960,30471.451,68785.375,29032,14950.88,102.850006
88.5,89621.28,70923.89,82813,36455.07,66793.02,35769,141.12,75.65
88.6,81200.84,71355.875,74578,28006.951,66797.57,27478,22819.3,-26.35
88.8,72229.6,68795.89,68807,17588.16,63799.066,18067,-14.700001,-9.35
88.8,79132.28,70596.42,73460,26902.11,67179.43,26244,55.86,32.3
88.8,81876.76,80596.52,66577,79140.21,73973.914,70113,673.26,36799.05
88.9,79543.68,69538.78,74965,21555.541,70672.06,19989,12717.46,-26.35
89.3,95806.56,71135.55,88265,30574.68,66985.66,29913,87.22,80.75
89.7,99245.32,71817.39,90565,33062.43,71039.625,30501,37.24,-5.1000004
89.7,80777.88,73993.42,71545,35127.96,68718.73,33501,61.74,50.15
90,97083.6,69586.16,91433,38878.65,66552.2,38285,58.800003,41.65
90,102488.24,70302.17,95540,31540.951,67772.72,30500,6.86,3.4
90.2,84974.84,70459.55,79037,32785.29,70536.65,30461,22.54,3.4
90.5,82518.68,70945.26,76227,25891.201,65985.06,25715,11617.9,26.35
90.8,81731.24,71088.945,75347,27485.22,67678.81,26615,97.020004,37.4
91.3,96179.2,75418.78,83576,39977.91,83016.234,31560,18094.72,53.550003
91.5,74254.64,72915.08,66740,24805.89,70461.12,23072,14532.42,51.850002
91.7,106292.164,74042.195,94081,27019.291,68609.266,25809,1279.88,182.75
92.2,82326.24,69856.96,77234,24478.53,66088.2,24274,11907,50.15
92.3,82343.24,69945.65,77152,20324.22,66705.14,19968,14092.4,100.3
92.6,81621.08,68910.64,77624,17073.871,64904.484,17240,13292.721,25.5
92.6,93638.72,71294.055,86076,29109,67409.445,28300,38.22,13.6
93.3,76677.484,69381.12,72428,40038.36,66348.59,39548,12088.3,10.200001
93.3,83256.484,70052.22,77889,29610.27,67033.016,28949,61.74,40.800003
93.4,79233.6,70976.67,73160,28031.13,67707.81,27132,-5.88,71.4
93.4,86474.92,68438.08,82808,31326.121,66951.1,30664,119.560005,22.1
93.5,74698,70323.19,69613,25920.03,67685.19,25097,15071.42,19.550001
93.6,85421.6,68827.95,81336,29437.291,66077.62,29196,12662.58,-22.95
93.7,120554.484,72731.33,108628,68506.59,69888.67,64240,1859.06,21636.75
94.1,90994.2,71176.67,83783,32299.83,68720.64,30803,69.58,96.9
94.3,114577.96,69655.31,107802,29623.291,66866.164,29034,79.380005,36.55
94.6,94755.28,69029.37,89960,23372.76,66218.11,23132,19.6,-31.45
94.8,80657.52,69587.05,75962,30525.39,66448.95,30106,14935.2,59.5
95,111432.28,74797.984,97634,76328.82,69532.2,71942,843.78,40235.6
95.1,84400.92,70405.016,78564,23514.121,66377.56,23216,74.48,-28.050001
95.4,75359.64,71543.19,69032,24492.48,67295.8,23852,18534.74,44.2
95.6,75867.6,69600.62,71437,21394.65,64825.918,21629,13669.04,-12.75
95.8,80922.72,69826.875,75950,27575.43,67326.7,26842,-9.8,43.350002
96,81519.08,71509.92,74709,30902.97,67362.625,30065,108.78,19.550001
96,76646.2,71665.2,70091,32850.39,66986.63,32139,16962.82,16.15
96,109200.52,72682.79,98463,59306.1,68801.84,56491,1484.7001,24900.75
96.3,106432.24,78116.984,89291,38389.47,88853.695,28315,76.44,44.2
96.5,104547.96,70240.97,97545,39494.31,68529.73,37769,19.6,60.350002
96.7,86653.08,73353.695,77418,42261.06,69978.8,39578,64.68,30.6
96.8,81109.04,72082.26,73743,32354.701,68112.1,31131,129.36,41.65
97.1,74458.64,69213.95,70502,25675.44,67097.29,25078,-79.380005,-65.450005
97.4,78628.4,71624.03,71945,27311.31,69061.78,25917,89.18,140.25
97.8,81159.36,70228.95,75736,28324.08,67041.57,27688,87.22,59.5
97.9,92758.805,68772.87,88393,21398.371,65283.91,21481,13801.34,39.95
97.9,83807.96,70036.07,78423,27947.43,66267.33,27639,13452.46,-10.200001
97.9,117431.92,74346.17,103516,53048.13,69967.85,49688,1582.7001,1255.4501
98,101798.72,71174.61,93734,35349.3,67083.22,34534,90.16,1.7
98,61161.242,70467.53,56881,17130.6,65267.777,17201,11438.561,19.550001
98,75668.36,71466.69,69389,34282.59,67524.53,33273,69.58,48.45
98.1,77272.484,70833.914,71493,25584.3,66872.445,25073,23.52,75.65
98.2,95768.484,69259.36,90620,26761.68,65373.992,26828,4.9,-35.7
98.6,92149.52,75984.695,79478,45530.94,68160.164,43778,1308.3,22391.55
98.8,86280.44,71803.766,78749,39416.19,68619.46,37645,3.92,59.5
98.9,85097.92,71163.055,78369,31068.51,68305.08,29809,108.78,38.25
99.1,81118.56,70577.586,75324,25517.34,66005.07,25336,12470.5,42.5
99.3,80589.52,70105.195,75337,23135.61,69945.81,21677,40217.242,60.350002
99.5,96062.24,69928.65,90028,34077.06,67470.516,33100,53.9,0.85
99.7,90815.36,70341.63,84611,36200.25,67293.13,35255,159.74,107.950005
100.1,81021.32,69920.25,75941,25092.33,67348.61,24417,16005.36,74.8
101.1,91975.44,71157.76,84709,35775.242,67588.18,34689,135.24,-14.450001
101.2,82954.56,70643.48,76957,23111.43,66638.69,22729,15192.94,45.050003
101.6,92318.84,69066.3,87600,25597.32,65406.504,25648,15541.82,60.350002
101.6,87896.12,71764.09,80268,33298.65,69111.36,31576,187.18001,28.900002
101.9,93543.52,71507.35,85732,37025.16,71594.51,33892,154.84,90.950005
101.9,118837.484,74157.164,105022,48874.29,70941.875,45150,649.74,35723.8
102.4,91842.164,70881.44,84916,23428.56,66722.32,23012,17102.96,119.850006
102.5,93394.6,71588.06,85499,38918.64,68155.2,37423,86.240005,11.900001
102.6,120602.08,75151.68,105171,57802.29,71131.93,53255,1007.44,27275.65
102.8,117871.88,74480.09,103717,60619.26,69258.62,57361,1072.12,28530.25
102.8,94033.12,77585.7,79429,50737.082,93388.72,35605,12378.38,76.5
103,79999.96,69432.89,75510,18383.31,64779.477,18598,16203.32,19.550001
103.7,94849.12,81633.07,76146,30426.81,89331.23,22322,13631.8,54.4
104,96155.4,69753.94,90341,29454.03,67133.84,28753,83.3,55.25
104,111125.6,68057.78,107008,27800.49,67061.73,27168,-73.5,63.75
104.1,74112.52,69779.02,69606,16994.82,64988.48,17138,14052.221,0
104.4,94759.36,70476.18,88117,32124.06,66452.53,31681,54.88,23.800001
104.6,89557.36,69464.94,84492,27965.1,66077.33,27736,19.6,61.2
104.7,94253.44,72206.69,85546,39138.12,67931.45,37758,-24.5,96.9
105.1,103264.805,70988.664,95333,40193.67,69669.45,37809,196.98001,22.1
105.5,85849.32,70076.37,80287,28880.22,67109.68,28203,36.260002,79.05
105.7,121637.72,76488.67,104220,49416.48,70050.14,46232,1996.26,16073.5
105.8,108261.44,70820.625,100183,74418.6,70150.85,69523,813.4,31267.25
105.8,92465.72,70374.805,86108,32986.17,67362.016,32092,106.82,75.65
105.8,89987.12,69937.336,84324,26921.64,65991.05,26736,13723.92,72.25
106.5,82096.4,75088.9,71652,38192.31,78061.73,32064,206.78,2.5500002
106.7,86504.84,69759.95,81267,24919.35,65800.98,24819,14825.44,62.050003
106.8,81217.84,72362.45,73556,33754.35,68810.66,32148,113.68,85.850006
106.9,70902.92,74039.11,62760,26441.76,67490.55,25676,193.06,45.050003
107,84867.4,70283.31,79135,24785.43,66486.75,24431,14476.561,0
107.7,78353.68,69058.55,74357,23779.17,66196.24,23542,6.86,-17.85
107.9,76428.6,69573.78,71993,25530.36,66403.05,25197,49.98,42.5
108.3,89423.4,70237.2,83438,26543.13,67366.23,25822,16777.6,-7.65
109,84020.805,69303.71,79453,19959.66,66490.945,19673,4298.2803,35.7
109.6,76113.76,71283.3,69977,23038.89,65586.93,23021,14283.5,17
109.7,110954.92,76070.91,95589,62197.47,73607.695,55377,552.72003,28624.602
109.8,87634.32,70627.33,81317,27202.5,67443.84,26433,105.840004,63.75
110,88236.805,71112.89,81317,30442.621,67682.85,29477,82.32,97.75
110.1,112575.36,73528.13,100339,49494.6,74692.664,43427,1343.5801,34968.152
110.2,101334.28,71925.695,92332,57327.06,70334.47,53416,882.98004,38487.152
110.9,75301.84,70435.34,70064,21059.85,66240.08,20836,17565.52,11.05
111,78613.44,71599.45,71956,23722.44,67949.03,22880,14651,72.25
111.5,91532.08,72029.86,83280,29384.28,67126.62,28688,19429.48,31.45
111.6,86162.12,70224.984,80409,29354.52,67290.84,28589,196,51
111.8,89924.56,71815.164,82062,33535.8,67703.85,32462,17231.34,8.5
112,75608.52,70287.82,70497,23980.98,65876.58,23857,11568.9,103.700005
112,77864.76,72817.03,70079,33281.91,69920.28,31195,12330.36,23.800001
112,101802.805,71285.46,93592,137907.84,71813.945,125852,103.880005,108.8
112.1,84109.2,75553.83,72957,28520.31,81304.414,22989,16940.281,40.800003
112.2,119587.52,73972.266,105949,63402.75,69538.98,59753,1563.1,28405.3
112.7,82547.24,72982.336,74125,33035.46,72135.81,30013,13306.44,31.45
112.8,81134.2,69624.34,76370,35432.07,68356.67,33970,67.62,-2.5500002
113.2,94595.484,70228.375,88275,36358.35,67625.41,35235,285.18,90.100006
113.3,88850.164,71477.13,81465,27110.43,66781.02,26605,145.04001,-17.85
113.6,78297.24,70570.03,72712,23093.76,66310.586,22824,13569.08,18.7
113.8,82144,70550.94,76305,25567.56,65976.125,25397,13225.101,6.8
113.9,74849.64,71887.95,68236,26717.97,71364.08,24536,0,-16.15
114.3,124353.64,74445.66,109471,50977.02,69858.22,47823,1304.38,24825.102
114.5,87369.12,71042.62,80597,26946.75,67494.07,26165,20423.201,68
114.8,70203.88,72454.836,63500,25947,66768.6,25468,13699.42,-38.25
115,79665.4,69910.04,74681,23661.06,66072.32,23469,9928.38,39.100002
115.2,79502.88,70424.7,73984,23050.98,67248.45,22464,17121.58,57.800003
115.5,117142.92,72324.97,106147,68237.82,69559.26,64291,1052.52,28942.5
116.1,107417.56,69031.05,101979,26061.39,66563.75,25659,157.78,76.5
116.4,88015.12,70023.17,82375,24620.82,65466.39,24647,16585.52,69.700005
116.5,84053.44,69968.2,78729,26656.59,66513.09,26265,16099.44,22.1
116.8,91675.56,69525.55,86415,33300.51,66094.75,33019,7147.14,63.75
116.9,85816.68,76696.56,73329,49646.19,72127.805,45109,1946.28,35507.902
117.5,95173.484,70820.35,88072,30190.59,67042.914,29512,15488.9,-10.200001
117.9,77311.24,71156.1,71205,22508.791,66075.52,22325,16054.36,56.100002
118.1,87487.44,69239.41,82808,28503.57,65710.21,28428,81.340004,36.55
118.2,82874.32,69845.445,77761,34502.07,67157.555,33669,180.32,166.6
118.4,88450.32,80619.17,71902,45321.69,71354.5,41626,550.76,29411.701
118.6,73461.08,80705.836,59653,34029.63,92045.32,24229,10619.28,-1.7
119.1,90890.84,68641.29,86779,24206.97,67190.21,23611,99.96,20.400002
119.3,117729.08,75964.57,101567,63673.38,75270.086,55439,676.2,39386.45
120.4,87781.88,71013.49,81011,32699.73,66596.52,32179,16550.24,10.200001
120.4,77846.4,71097.484,71757,33670.65,66987.63,32941,109.76,-17.85
120.9,96621.88,70407.984,89936,36044.94,66654.664,35440,41.16,9.35
120.9,81558.52,70124.37,76222,24587.34,66142.19,24362,17932.041,41.65
121,75643.2,70691.08,70127,24362.28,64642.555,24699,14812.7,26.35
121.1,85116.28,69612.41,80132,39375.27,67193.47,38404,15877.96,68.85
121.3,89088.84,70089.516,83301,25795.41,67241.875,25141,72.520004,-2.5500002
121.6,84210.52,71093.18,77628,22311.63,66621.8,21948,16701.16,7.65
121.6,99363.64,70785.33,91995,24220.92,67001.914,23691,53.9,96.05
121.8,86343,69643.14,81251,23282.55,65658.81,23239,83.3,65.450005
121.8,83629.12,71269.79,76901,26319,66501.21,25937,15834.84,28.900002
122.1,82016.84,71662.63,75005,75042.63,72497.22,67837,116.62,257.55002
122.5,109155.64,73662.13,97114,51149.07,69496.734,48234,938.84,227.8
122.5,81085.92,68589.59,77476,27939.99,66372.164,27588,72.520004,-5.9500003
122.7,80628.28,71196.41,74218,20957.55,66861.75,20542,14027.721,34
122.7,81249.805,69423.57,76700,21082.17,65679.84,21036,14297.221,-2.5500002
122.9,87562.92,76476.945,75036,38648.94,86470.6,29292,98,22.95
123.8,80554.164,70934.07,74424,28785.36,68410.12,27576,64.68,1.7
124,96106.44,73367.26,85848,65533.38,68725.53,62492,797.72003,25512.75
124.1,126095.125,72073.21,114658,64014.69,69418.984,60434,1559.18,36825.402
124.2,88437.4,72382.77,80072,33626.01,76074.09,28968,124.46,49.300003
124.6,81847.52,70913.39,75641,26571.03,68125.625,25561,-30.380001,-24.650002
124.8,66096,71451.37,60624,19697.4,67614.125,19092,46.06,-25.5
125.5,69293.36,70389.984,64515,23605.26,66170.26,23379,15161.58,-19.550001
125.5,92476.6,71553.94,84699,28044.15,67265.73,27323,-55.86,22.1
125.6,125688.484,75020.69,109798,182051.22,79827.84,149458,18207.42,37686.45
125.8,111330.28,74966.77,97325,70406.58,72140.305,63961,700.7,27953.951
125.8,74103.68,71125.65,68280,21398.371,67551.24,20760,16832.48,21.25
126.1,86086.64,70345.43,80201,26169.27,66969.79,25609,-10.780001,13.6
126.2,97171.32,70670.055,90112,32427.24,66303.25,32052,172.48001,-26.35
126.2,83460.484,70071.82,78058,25249.5,66945.19,24718,90.16,45.050003
126.3,92548,70141.74,86471,30804.39,66436.195,30387,165.62001,7.65
126.7,93918.88,69982.125,87952,18828.78,65860.53,18736,11920.721,65.450005
126.9,94628.805,69572.95,89138,26882.58,66008.875,26690,12197.08,56.95
126.9,96612.36,73044.71,86681,107800.95,72712.75,97161,198.94,31.45
127,67912.28,70982.914,62701,18421.44,70811.625,17049,10256.681,33.15
127.3,92677.2,70680.23,85932,25017,66722.86,24572,20681.92,56.100002
127.5,97019,71040.97,89501,34588.56,72363.8,31325,84.28,11.05
128.3,115899.88,73958.52,102701,55870.68,70991.74,51577,1469.02,41141.7
128.4,126554.125,76512.25,108399,72136.38,71267.51,66335,716.38,29502.65
128.5,81561.92,69106.41,77348,18470.73,67354.66,17972,104.86,3.4
129,70486.76,71654.47,64468,29878.11,67913.836,28832,11338.601,33.15
129,79632.08,70084.445,74464,18924.57,66823.31,18560,14918.54,35.7
129.1,82789.32,70078.41,77423,26554.291,65484.93,26575,16738.4,36.55
129.5,79126.84,72535.805,71491,33164.73,68800.73,31591,58.800003,36.55
129.6,104862.125,73110.54,93998,45693.69,77096.49,38842,414.54,113.9
129.7,78357.76,70264.125,73085,19760.64,66572.42,19453,13810.16,27.2
129.7,99425.52,69611.15,93605,27949.291,67817.57,27009,129.36,87.55
129.8,72046,71202.9,66312,25815.871,66724.59,25356,17136.281,69.700005
129.9,88478.2,73230.125,79182,32929.44,77656.125,27790,18725.84,40.800003
130.4,98178.4,75851.98,84826,39369.69,82670.04,31210,98,0.85
130.8,80107.4,72094.46,72820,24512.94,67783.97,23700,14956.761,26.35
130.9,90941.164,73955.43,80588,36431.82,79981.11,29852,19321.68,80.75
130.9,90396.484,69074.27,85766,20535.33,70145.086,19186,15520.261,115.600006
131,91402.2,69906.35,85688,27371.76,67356.41,26632,87.22,130.90001
131.1,120519.805,74409.88,106147,60905.7,70502.8,56615,1091.72,30745.352
131.2,109318.84,76277.84,93924,41030.67,85137.62,31584,16802.1,51
131.2,79739.52,69541.164,75147,23817.3,66423.71,23499,12072.62,-29.75
131.3,80345.4,74481.11,70696,31797.63,70420.71,29592,14962.641,67.15
131.5,82985.84,68538.88,79350,20378.16,64485.906,20710,12262.74,25.5
131.6,83274.84,69091.91,78989,17726.73,65839.555,17645,14449.12,-9.35
131.6,91839.44,71644.58,84009,30873.21,68030.89,29741,127.4,86.700005
131.8,78593.04,81096.37,63513,41604.48,73594.195,37049,1600.3401,384.2
132,85652.805,70108.94,80066,18950.61,66039.945,18806,88.200005,22.95
132.1,86728.56,70442.23,80688,26906.76,68030.914,25920,121.520004,-11.900001
132.1,70424.88,72196.305,63928,26784,68631.38,25576,30.380001,62.050003
132.6,99292.24,69565.4,93541,18537.69,65158.812,18645,15450.681,56.95
132.8,69504.84,69217.56,65808,25726.59,66979.9,25172,63.7,33.15
133.2,79230.2,68773.01,75501,22891.95,66852.94,22441,94.08,-39.100002
133.8,100436.68,70457.586,93421,29868.81,66317.12,29517,17894.8,15.3
133.9,87382.04,69924.414,81898,25217.88,66648.34,24797,38.22,50.15
134.3,87027.76,71118.016,80197,28947.18,66599.35,28485,33.32,119
134.3,79706.2,70234.58,74374,28187.371,65998.125,27990,18173.121,78.200005
134.5,67691.96,70450.38,62970,21642.03,66407.54,21358,12892.88,46.75
135,115409.6,74943.11,100923,59634.39,69710.85,56063,577.22003,33475.55
135.1,115560.56,73533.65,102992,52217.64,69324.52,49364,1345.54,39697.55
135.8,75926.08,68297.63,72856,21097.98,65679.14,21052,-8.82,78.200005
135.9,87511.24,70608.9,81224,30412.86,66704.73,29880,96.04,-11.05
136.6,62445.082,73102.08,55982,32475.6,68193.56,31210,0.98,53.550003
137.1,76477.56,72865.21,68785,27117.871,69495.05,25573,45.08,105.4
137.4,82012.76,70227.46,76534,20019.18,65579.17,20006,13759.2,54.4
137.6,114190.36,71664.63,104425,58888.53,68998.96,55933,867.3,24734.15
137.6,92409.96,70101.16,86392,30636.06,66123.2,30364,18529.84,65.450005
137.8,82518,70747.914,76439,29318.25,67724.11,28371,15190.98,23.800001
138,76536.04,72684.23,69009,33643.68,67483.01,32673,59.780003,12.75
138,81064.84,71666.88,74130,27931.621,67611.98,27074,20.58,65.450005
138,73663.04,69275.21,69687,15183.18,64904.113,15331,11627.7,-4.25
138.2,123220.76,85723.35,94203,48665.97,89965.67,35451,781.06,25324.05
138.4,70061.76,70532.08,65099,20690.64,65865.92,20587,13991.46,5.9500003
138.6,75384.805,69314.88,71275,30770.91,66627.1,30267,10009.72,17
138.7,90829.64,71666.41,83060,38493.63,67727.63,37248,174.44,97.75
139.2,125493.32,79739.49,103140,69795.57,78046.05,58608,773.22003,16394.8
139.3,79083.32,70350.664,73671,22008.45,67604.67,21335,100.94,57.800003
139.3,84148.64,70586.29,78128,28501.71,67913.33,27504,14786.24,55.25
139.6,115075.04,77156.22,97744,52590.57,75602.695,45588,571.34,25837.451
139.7,91582.4,71896.79,83480,37026.09,74828.6,32428,19791.1,-1.7
140,79382.52,69718.75,74620,19279.83,64902.555,19468,16919.701,39.100002
140.1,83232.68,70899.67,76936,31128.03,66797.86,30540,98.98,45.9
140.5,101706.24,70766.445,94189,30136.65,68064.77,29017,23.52,85.850006
140.8,134854.88,75503.62,117052,72021.06,70662.51,66796,1434.72,39450.2
140.8,123246.6,73172.65,110384,47256.09,69395.34,44628,1432.76,41774.95
141.4,73535.2,71027.31,67850,26597.07,66727.875,26122,12669.44,-7.65
142.1,83589,70545.74,77653,22585.98,65009.22,22769,14744.101,12.75
142.4,117718.2,73434.93,105056,63069.81,71166.37,58080,831.04004,42715.05
142.6,80775.164,72592.75,72923,29781.39,72108.23,27067,17459.68,62.050003
142.7,120219.92,73528.57,107152,54989.04,70518.195,51104,1247.54,26782.65
143,97427,69481.96,91894,31367.97,67823.54,30310,75.46,56.95
143.4,80658.2,72358.65,73053,32485.83,68068.91,31277,16900.1,31.45
144,114454.88,78686.16,95327,52271.582,78774.586,43487,1446.48,31242.602
144.1,262143,67178.945,255732,262143,66802.78,257172,262143,113673.91
144.1,96929.24,70359.71,90284,34636.92,66842.336,33960,104.86,37.4
144.4,123292.164,74494.766,108465,66775.86,71524.44,61185,1209.3201,43055.902
145.1,69593.24,72306.27,63077,29972.97,68574.22,28645,68.6,55.25
145.2,127109.68,73172.586,113844,67354.32,71616.15,61636,1003.52,33421.152
145.9,84169.04,70712.01,78008,31684.17,67601.7,30716,14417.761,-34.850002
146,65634.96,71328.3,60305,19977.33,68058.13,19237,13041.84,132.6
146.1,86285.2,70440.945,80277,29439.15,68239.11,28273,14007.141,158.1
146.2,94649.88,71077.164,87271,27330.84,67542.28,26519,-9.8,16.15
146.9,108372.96,73636.67,96451,72194.04,70131.91,67463,958.44,27431.201
147,93131.44,71505.125,85357,27645.18,67499.516,26841,19.6,68.85
147.6,80355.6,70086.836,75138,28470.09,67275.4,27734,17680.18,120.700005
147.7,72503.64,73119.516,64984,32511.871,69376.734,30712,58.800003,9.35
147.8,120497.36,80481.39,98121,65610.57,76875.09,55933,615.44,28552.352
148.4,90969.04,69900.54,85289,18114.541,64487.73,18409,11743.34,1.7
148.5,87051.56,70662.55,80736,24321.36,67084.37,23760,33.32,45.050003
148.8,90666.44,69998.766,84886,31177.32,67269.27,30374,123.48,-28.050001
149.4,65242.6,69563.805,61465,22128.42,65087.215,22281,13620.04,28.050001
149.5,94364.96,79534.73,77756,86338.414,75504.055,74940,2053.1,34281.35
149.6,107841.2,71727.77,98532,50460.87,70039.89,47216,121.520004,35.7
149.9,73856.164,70482.4,68673,26771.91,66456.72,26401,14351.12,-7.65
150.1,73635.84,71205.33,67773,54297.12,74262.08,47917,3052.7,-1.7
150.1,86579.64,71401.76,79467,28098.09,68887.67,26731,114.66,77.35
150.3,76469.4,71153.72,70432,19775.52,67318.125,19252,15297.801,147.05
150.3,85227.805,71300.78,78337,35566.92,68034.03,34261,35.28,96.9
150.4,106241.164,71142.98,97868,36642,68042.91,35292,112.700005,44.2
150.4,86283.164,71008.92,79633,20803.17,71721.64,19009,11396.42,60.350002
150.8,87503.76,70259.445,81621,29859.51,67234.94,29105,75.46,-1.7
151.1,75751.32,70737.64,70181,21888.48,68318.5,20997,11980.5,48.45
151.3,88086.52,71097.57,81196,30351.48,67000.625,29688,34.3,51
151.5,100460.484,76672.34,85869,37616.64,84158.13,29293,18358.34,127.5
151.5,106728.04,71290.53,98113,36732.21,69228.49,34773,47.04,27.2
152,102996.88,73781.82,91486,38129.07,70322.14,35534,583.10004,7383.95
152.2,79940.12,72441.31,72320,31377.27,67536.15,30448,123.48,17
152.2,76631.24,70124.48,71617,23134.68,67827.78,22353,37.24,54.4
152.3,83517.6,70757.02,77355,24901.68,66722.125,24459,15097.88,12.75
152.5,81236.88,70693.67,75310,28689.57,66283.57,28366,78.4,69.700005
152.8,79311.12,70147.695,74097,29367.541,66704.72,28853,8801.38,-20.400002
153.1,85682.72,69849.03,80392,19334.7,66788.89,18972,17727.22,69.700005
153.1,60360.88,67588.34,58528,37507.832,66709.55,36848,-20.58,56.100002
153.2,85690.2,71290.84,78773,24872.85,66661.234,24453,110.740005,115.600006
153.4,90336.64,70411.05,84082,28126.92,67015.41,27506,-42.14,39.100002
153.5,94827.36,69171.08,89844,27897.21,67285.13,27172,12905.62,54.4
153.7,127483,74665.1,111896,61511.13,70539.54,57148,854.56,50769.652
153.8,84483.88,70333.65,78721,25792.621,67546.266,25025,143.08,2.5500002
153.8,64117.88,71167.766,59044,36194.67,68469.41,34644,-41.16,22.1
154.1,104717.28,68591.85,100052,33587.88,66357.625,33172,15972.04,89.25
154.2,80357.64,68911.03,76422,19754.13,65022.94,19910,9313.92,-6.8
154.8,76735.96,69777,72072,23767.08,66112.03,23560,18324.041,2.5500002
155,71278.28,69426.51,67284,22157.25,66427.16,21860,17609.621,-26.35
155.7,103514.36,75190.55,90223,54847.68,69152.88,51979,1086.8201,25018.05
156.4,79516.484,71414.57,72971,32473.74,69455.93,30641,46.06,5.1000004
157.7,78178.24,71986.414,71173,25655.91,67263.5,24997,19158.02,63.75
157.8,77590.72,70037.266,72604,29283.84,66177.445,29000,69.58,-20.400002
157.8,69857.08,68977.18,66372,18882.72,65754.41,18820,11640.44,77.35
157.8,80054.36,68624.01,76452,24086.07,66156.945,23860,12693.94,26.35
158.4,98485.08,69742.484,92545,33341.43,67705.64,32273,96.04,16.15
158.5,99688.68,70488.945,92684,29338.71,67332.32,28556,4.9,45.050003
159,89904.164,69740.54,84484,28684.92,66795.586,28144,173.46,66.3
159.2,112399.92,76335.695,96498,71299.38,73852.96,63270,983.92004,42458.35
159.3,111515.24,74699.12,97836,54193.89,72959.13,48680,1176,30907.701
159.6,68160.484,73103.11,61105,24668.25,67033.98,24117,14767.62,5.1000004
160,118264.24,75887.73,102132,53725.17,71581.14,49188,1784.5801,41954.3
160,84496.12,71762.305,77165,28883.94,66895.35,28297,58.800003,74.8
160.3,78387,71699.12,71649,35207.01,68181.4,33841,18434.781,84.15
160.5,135722.56,73317.96,121317,51657.78,68691.18,49285,1042.72,29322.451
160.6,90457,70708.37,83840,29306.16,68779.85,27924,13180.0205,18.7
161.2,78439.36,71342.75,72055,27263.88,66375.63,26919,13380.92,-41.65
162,120913.52,74249.37,106724,66796.32,69033.68,63412,1810.06,44080.152
162.1,122525.125,75810.83,105919,65587.32,71278.88,60303,929.04004,35007.25
162.3,74148.56,71449.164,68012,22109.82,66309.23,21852,12517.54,94.350006
162.3,83424.44,69069.99,79156,26916.99,66738.5,26432,17568.46,-5.9500003
162.4,111889.92,74717.164,98141,62602.95,71098.65,57705,931,26125.602
162.4,80812.56,71337.984,74240,29793.48,67487.41,28932,10.780001,-3.4
162.7,88881.44,71718.86,81219,34384.89,68362.98,32963,168.56,-10.200001
163,78582.164,69026.92,74608,23738.25,65070.688,23908,13788.601,60.350002
163.3,99338.484,76447.24,85160,57084.332,73423.586,50952,1024.1,50779.85
163.5,95049.04,71246.29,87431,30839.73,67715.77,29847,9.8,17.85
163.6,75050.24,68993.71,71289,22710.6,69339.016,21465,13858.181,-8.5
163.7,72704.92,72308.83,65895,21789.9,68004.33,20999,15098.86,115.600006
163.9,125449.805,72360.71,113618,46638.57,69741.83,43826,1494.5,283.9
164.8,78219.72,69141.33,74141,27118.8,67862.75,26189,14539.28,-26.35
165.7,74188,73630.734,66032,22716.18,67132.38,22176,13569.08,35.7
165.7,71599.24,68516.15,68485,54626.34,67185.74,53285,55.86,-8.5
165.8,135303.69,71954.68,123234,37399.95,69148.66,35446,25161.5,11.05
165.9,100547.52,74014.18,89030,53704.71,70209.29,50130,425.32,45256.55
166.1,79084.68,69872.914,74176,23568.06,66029.26,23392,79.380005,22.95
166.5,93831.164,70086.5,87739,24771.48,67031,24219,20444.76,96.9
166.9,130077.88,75490.01,112926,83367.06,72366.74,75498,1136.8,46086.152
167.8,79926.52,69631.05,75226,28132.5,66267.39,27822,13956.181,45.050003
168.1,81438.84,69809.89,76453,27465.69,66842.12,26929,137.2,31.45
168.2,108226.76,75808.81,93561,62663.402,69864.56,58781,1493.52,25658.102
168.3,87720.68,69700.92,82479,27285.27,66260.32,26987,44.100002,26.35
168.7,68662.32,71587.61,62858,27011.85,70309.34,25178,14988.12,87.55
169,85080.92,72407.22,77007,25571.28,67806.57,24715,16942.24,79.05
169.3,82437.76,77029.83,70137,33783.18,81851.99,27049,71.54,113.05
169.4,66626.4,71386.52,61166,32954.55,67301.63,32090,16741.34,64.6
169.9,103449.08,74122.766,91465,57715.8,70320.375,53789,1880.62,30126.55
170.2,91859.84,70577.59,85298,23780.1,67296.51,23158,10.780001,19.550001
170.3,80015.6,74838.055,70070,35167.02,82399.21,27970,111.72,20.400002
170.4,95833.08,71573.664,87749,31357.74,67421.055,30481,16282.7,78.200005
170.6,67649.8,72488.95,61161,29936.701,68866.29,28489,42.14,-7.65
170.7,88725.72,71669.09,81133,28531.47,69487.48,26909,94.08,-15.3
170.9,90639.24,71203.27,83425,29535.871,67925.14,28497,31.36,-45.050003
171.3,96802.08,70567.53,89900,27865.59,67427.24,27084,162.68001,142.8
171.8,86311.72,70741.05,79961,19897.35,69093.03,18873,14274.681,71.4
171.9,121559.52,74866.31,106410,50048.88,70674.49,46410,917.28,47790.402
172.2,73055.12,69918.516,68476,25870.74,67505.37,25116,74.48,25.5
172.6,88746.805,69596.516,83569,29296.86,67441.74,28469,78.4,27.2
172.8,82878.4,70827.125,76687,21703.41,66542.914,21375,12322.5205,102.850006
173.1,73554.24,71405.62,67508,32959.2,68702.74,31440,297.92,-8.5
173.5,93708.08,71146.02,86319,32930.37,68470.6,31519,125.44,89.25
174.7,74008.484,71702.15,67644,20967.78,65824.125,20876,12351.92,-14.450001
174.7,83442.805,70021.99,78097,29592.6,68623.914,28261,112.700005,58.65
174.9,80597.68,70998.164,74397,22986.81,66361.12,22701,12740,41.65
175.2,74279.805,70795.96,68761,19357.02,66358.82,19117,16287.601,37.4
175.4,82270.484,70456.44,76525,28648.65,68151.95,27549,140.14,33.15
175.5,80180.84,70061.22,75002,21715.5,66933.83,21262,12398.96,-22.95
175.6,97448.08,69949.15,91300,27643.32,66800.61,27120,41.16,39.100002
176.9,80284.88,72669.33,72404,39317.61,69318.805,37172,60.760002,55.25
177,79308.4,70097.99,74147,27271.32,66671.14,26807,119.560005,107.950005
177.1,68565.76,72555.8,61932,21081.24,67790.984,20380,12988.92,51
177.5,74977.484,71502.516,68721,24152.1,67558.67,23429,135.24,68
177.7,93372.84,76330.74,80168,55419.63,70028.945,51864,1134.84,29066.602
178,75673.805,69367.48,71494,23266.74,65707.54,23206,153.86,-36.55
178,69915.56,69613.89,65820,33574.86,66701.89,32988,14587.3,25.5
178.2,88446.24,70995.32,81645,27245.28,68054.52,26237,83.3,-4.25
178.3,81253.2,70495.39,75537,37459.47,69174.77,35489,55.86,-16.15
178.3,82958.64,69456.51,78276,25857.72,66309.734,25556,-5.88,73.1
178.4,62874.16,71844.91,57353,24185.58,68899.2,23005,-78.4,10.200001
178.5,81248.44,68248.734,78019,18958.05,65408.52,18995,10114.58,90.950005
179.2,87494.92,72357.82,79246,32056.17,68857.21,30510,36.260002,81.600006
179.4,62370.96,71601.99,57087,19628.58,66724.35,19279,13488.721,74.8
179.7,70441.2,73196.57,63069,27883.26,68891.89,26525,4.9,62.050003
179.9,86487.84,70784.49,80075,29475.42,67075.29,28799,105.840004,-4.25
179.9,81226,70438.21,75573,29386.14,68455.195,28133,157.78,-25.5
180,88516.96,70223.805,82608,20503.71,68223.555,19696,11967.76,14.450001
180.9,79511.72,71792.016,72583,35097.27,69133.31,33271,225.40001,99.450005
181.2,85983.28,72339.125,77897,36212.34,68295.83,34749,19366.76,52.7
181.2,77930.72,72272.32,70667,29138.76,68477.7,27887,99.96,-4.25
181.5,86286.56,72111.05,78419,33822.242,69157.73,32051,98.98,16.15
181.6,87349.4,69718.67,82109,30095.73,67048.1,29417,117.600006,85.850006
181.6,87486.76,70765.125,81022,28182.72,66924.516,27598,16015.16,49.300003
182,84169.04,71539.21,77106,31001.55,72805.766,27906,150.92,-22.95
182.2,105884.84,73230.71,94759,53309.46,69287.61,50423,762.44,48633.6
182.5,72309.84,71171.72,66584,22455.78,68717.87,21416,14301.141,12.75
182.6,87693.484,69194.414,83057,21202.14,74095.01,18753,13460.3,105.4
182.7,94046.72,70624.22,87271,29071.8,66815.69,28515,20387.92,32.3
182.7,114700.36,74264.01,101220,58077.57,71095.555,53536,359.66,33427.95
182.8,101453.96,70817.23,93888,33768.3,67561.34,32756,22348.9,22.1
182.9,87888.64,75190.195,76604,42162.48,70503.18,39192,124.46,34.850002
183.4,132699.28,75252.72,115565,58051.53,69468.914,54765,659.54004,30320.352
183.4,89049.4,70051.74,83309,32542.56,67539.95,31577,107.8,49.300003
183.6,92888,70181.1,86740,28961.13,66896.83,28372,22134.281,49.300003
183.9,80359.68,70230.59,74988,25175.1,65690.21,25116,13359.36,77.35
184.1,84079.96,70923.57,77693,27883.26,66884.71,27321,15628.061,7.65
184.5,65040.64,70980.21,60052,25042.11,75241.14,21812,89.18,17
184.5,97585.44,75983.266,84168,63674.31,69950.375,59656,787.92004,27374.25
184.6,74764.64,72284.07,67785,24923.07,73399.47,22253,17983.98,-4.25
184.6,77891.28,69543.25,73403,21024.51,65304.625,21099,11592.42,-55.25
184.9,89243.88,68986.63,84780,28278.51,65821.16,28156,67.62,5.1000004
185.2,77199.04,70057.14,72217,34986.6,65862.81,34813,17809.541,-2.5500002
185.2,114072.04,76861.17,97264,53045.34,77095.266,45092,471.38,22980.602
185.8,119914.6,73237.94,107304,42144.81,67550.44,40888,57.82,65.450005
185.9,85433.84,70059.22,79918,26394.33,67238.555,25726,-27.44,31.45
186.1,81834.6,70528.3,76042,20882.22,65801.38,20798,13880.721,-5.1000004
186.2,129514.84,74482.57,113958,64847.97,74813.87,56806,1886.5,44353
186.3,84106.484,71199.79,77416,36974.94,69099.75,35068,72.520004,71.4
186.5,95039.52,69420.87,89721,35969.61,67565.836,34889,71.54,-37.4
186.5,92449.4,71826.3,84353,40852.11,91835.625,29153,188.16,80.75
186.6,81436.12,69358.49,76948,19102.2,65242.957,19188,14712.74,40.800003
186.7,82037.92,69299.17,77583,25864.23,66725.91,25403,68.6,-136
187,82858.68,70383.484,77152,31033.17,66716.64,30484,3912.1602,35.7
187.1,121268.484,74144.29,107189,55575.87,69337.33,52529,393.96002,11385.75
187.1,102905.08,73296.25,92010,50377.17,69502.72,47502,1281.84,39438.3
187.2,86849.6,69333.266,82093,27146.701,66639.93,26697,81.340004,37.4
187.2,87524.164,69736.71,82252,29932.98,66615.31,29448,-35.28,51
187.5,91185.96,69337.19,86187,28542.63,66656.09,28063,1.96,-17
187.6,83748.12,71219.32,77065,32534.19,77137.61,27641,52.920002,30.6
187.6,67375.76,70020.11,63061,22226.07,66098.27,22037,24.5,27.2
188,81684.32,70411.734,76028,28298.041,67086.55,27644,129.36,57.800003
189,113148.6,73760.664,100532,59994.3,68350.375,57524,1378.86,28624.602
189.4,79011.24,69963.664,74011,22826.85,66100.234,22632,16368.94,-68
189.5,92406.56,78535.57,77111,38096.52,77232.45,32327,1106.42,71.4
189.7,80873.76,71119.945,74524,26453.85,66414.32,26104,66.64,7.65
190,85512.04,68932.18,81299,23818.23,65325.45,23895,56.84,-4.25
190.1,116424.84,75315.07,101308,85188,71083.28,78540,487.06,27434.602
190.6,79572.24,69443.32,75095,23072.371,66391.695,22775,116.62,23.800001
190.7,71903.88,70746.65,66608,20645.07,65349.473,20704,11954.04,-26.35
191,84054.12,68374.24,80565,23062.14,65042.84,23237,9899.96,-12.75
191,88485.68,71971.98,80573,25521.06,76817.54,21773,14335.44,-15.3
191.2,69367.484,72625.52,62596,31061.07,67917.336,29972,128.38,14.450001
191.4,65801.56,69967.4,61634,18254.041,66631.21,17954,12.74,-62.050003
191.4,103176.4,75361.02,89725,67890,72722.57,61181,879.06,36771.85
192.4,75419.484,69635.97,70979,22271.64,65373.508,22327,11061.26,116.450005
193,91630.68,68957.65,87084,26499.42,66569.53,26088,13627.88,74.8
193.5,81725.805,70310.62,76176,20584.621,67169.57,20084,14627.48,85
194,90605.24,72100.47,82356,31193.13,66920.03,30548,16780.541,31.45
194.1,88431.96,71091.836,81521,40016.04,67276.13,38981,546.84,4469.3003
194.2,96513.08,69702.47,90744,28061.82,67632.38,27192,23.52,56.95
194.2,123416.6,76962.6,105093,51967.47,70243.164,48485,1341.62,1859.8
194.3,85210.805,71280.19,78344,29904.15,67756.83,28924,145.04001,47.600002
194.4,82207.92,70109.68,76845,24034.92,66358.54,23737,14066.92,22.95
194.4,109835.64,76081.13,94612,64777.29,71963.06,58992,1081.92,33853.8
194.7,85048.96,69884.375,79757,22997.97,65424.97,23037,15822.101,34.850002
195,89543.08,70070.04,83749,35180.97,68284.32,33765,254.8,161.5
195.1,93136.2,71968.28,84812,32589.06,67732.99,31532,58.800003,22.95
195.4,143375.97,73507.27,127828,42338.25,70494.92,39360,2441.18,23656.352
196,93574.805,72597.375,84473,31595.82,67551.75,30653,42.14,48.45
196.2,78888.164,71060.62,72755,28842.09,68151.984,27735,-98.98,48.45
196.5,93829.12,69453.28,88537,27817.23,67030.555,27197,15014.58,1.7
196.7,104721.36,70554.93,97272,38102.1,66816.31,37372,56.84,62.050003
197.2,83805.92,71901.984,76386,25347.15,67974.09,24438,144.06,29.75
197.2,90538.6,70537.43,84119,33226.11,67693.8,32167,44.100002,39.95
197.3,85248.88,70464.79,79286,29659.56,67068.14,28982,16855.02,120.700005
197.6,126937.64,79613.61,104492,61317.69,86471.77,46472,907.48004,24516.55
198.1,75346.04,70825.44,69719,21173.31,67115.555,20675,15934.801,30.6
198.2,71866.484,72464.67,64995,25232.76,68426.12,24167,20161.541,84.15
198.4,93223.24,70378.41,86809,22853.82,67028.32,22345,14181.58,-22.95
198.4,85537.88,71334.36,78585,18516.3,67910.02,17869,13712.16,-7.65
198.7,68297.164,71500.37,62600,22288.38,66274.56,22040,12824.28,96.9
198.8,73183.64,73358.266,65380,26891.88,67565.8,26084,19776.4,66.3
199.3,91893.84,71103.87,84698,22519.95,68600.33,21514,14367.78,56.95
199.3,98909.4,72131.82,89865,34150.53,76320.18,29325,115.64,44.2
199.3,92850.6,70834.73,85905,33071.73,68240.58,31761,81.340004,11.05
199.4,83954.84,72203.67,76202,25710.78,67125.4,25102,15004.78,65.450005
200,78321.04,69376.87,73985,31640.46,67603.08,30673,48.02,48.45
200,107492.36,71166.4,98988,33570.21,69384.94,31708,188.16,79.9
200.1,85788.805,71548.164,78580,32530.47,68086.26,31312,94.08,49.300003
200.2,85329.12,70723.766,79070,27613.56,67905.53,26650,14414.82,-9.35
200.4,102827.56,73728.23,91402,39123.242,73962.41,34666,151.90001,19.550001
200.5,64561.92,70255.38,60225,25015.14,65963.555,24853,9618.7,-34.850002
200.6,94638.32,71143.48,87179,34410,68587.664,32879,19702.9,68
200.8,94380.6,71476.09,86537,31744.621,67737.3,30713,19884.201,66.3
201,119054.4,74481.164,104756,51231.84,70200.086,47828,555.66003,19406.35
201.2,85563.72,69239.555,80987,19470.48,65967.92,19343,9713.76,2.5500002
201.3,82830.805,72769.69,74597,24531.541,68526.46,23461,13308.4,97.75
201.3,76403.44,70100.03,71429,23223.03,66643.805,22837,14583.38,-9.35
201.7,98407.56,70470.38,91517,30119.91,67092.84,29421,19998.861,105.4
202.5,85455.6,70976.73,78905,25973.97,66835.375,25469,14000.28,23.800001
203.1,73322.36,70957.69,67720,23364.39,66982.01,22860,12032.44,63.75
203.2,96421.28,72160.984,87569,32380.74,67246.7,31557,18710.16,147.05
203.3,143518.08,72828.08,129148,50025.63,70766.7,46328,1921.78,39766.402
203.4,78533.88,70774.56,72721,25694.97,67290.53,25025,141.12,20.400002
203.6,102055.08,69134.53,96743,24170.7,66303.26,23891,11.76,62.9
203.6,77058.96,71564.12,70568,30020.4,67992.016,28936,52.920002,39.100002
203.7,82643.12,69294.14,78161,24960.27,67170.21,24353,64.68,18.7
203.9,83721.6,73493.164,74657,38328.09,71260.734,35249,154.84,3.4
204.1,102597.04,74778.68,89916,36535.05,70141.82,34136,1890.42,111.350006
205.3,96693.28,75438.28,84001,27869.31,73207.06,24949,15273.301,-8.5
205.5,74449.805,70839.516,68876,22577.61,68578.34,21576,18357.361,71.4
205.5,100044.32,71334.59,91912,34679.7,68333.4,33260,147,-17
205.6,75497.68,70652.81,70030,27591.24,67115.27,26942,33.32,28.900002
205.7,80254.28,69783,75370,22197.24,66334.63,21930,15754.48,39.95
205.9,91336.92,70058.37,85441,22151.67,68358.61,21237,-17.64,34.850002
206.1,123147.32,74317.49,108596,50456.22,69282.16,47728,727.16003,30321.201
206.5,96323.36,79226,79679,38727.06,86969.01,29183,89.18,44.2
206.5,78633.84,80687.48,63868,31432.14,93940.945,21928,13491.66,43.350002
206.6,84784.44,70166.73,79189,30606.3,66787.016,30033,21.560001,19.550001
206.7,83139.52,69934.05,77911,24730.56,65715.53,24663,108.78,68
206.7,106614.484,69938.016,99904,33835.26,68002.57,32608,15231.16,-5.9500003
206.8,83832.44,69505.26,79045,29698.621,69420.016,28037,21.560001,47.600002
207,85605.2,69016.625,81288,19051.98,65660,19016,17104.92,39.100002
207.3,88513.56,68796.984,84318,18571.17,65245,18654,14535.36,48.45
207.6,80901.64,73699.89,71940,27960.451,90373.66,20276,74.48,36.55
208.1,86992.4,69571.84,81946,26715.18,67635.25,25886,58.800003,47.600002
208.3,80813.92,69942.04,75723,20342.82,66503.08,20047,13046.74,-3.4
208.6,69290.64,71991.875,63077,24033.06,69553.13,22645,142.1,107.950005
208.6,78232.64,70033.125,73209,27689.82,66566.89,27261,18837.56,35.7
208.7,131928.84,73533.04,117581,40094.16,69247.88,37945,938.84,29317.352
208.8,74154,70263.234,69165,19378.41,65826.125,19293,12234.32,86.700005
208.8,82734.24,70118.73,77327,22564.59,65832.39,22463,15464.4,4.25
209.1,109295.04,72058.51,99402,55387.082,68624.95,52894,679.14,29727.9
209.1,85739.164,69530.055,80814,20385.6,65611.95,20362,16689.4,-41.65
209.3,77454.72,72161.734,70343,23926.11,67427.29,23255,29.400002,37.4
209.4,89987.12,69057.77,85398,25371.33,67739.57,24546,145.04001,88.4
209.5,86955,70284.69,81080,28699.8,68009.484,27656,19527.48,79.05
209.7,80894.164,70430.97,75272,24817.98,66899.93,24312,16177.84,52.7
209.7,75873.04,69275.9,71777,27549.39,67567.72,26721,11392.5,-56.95
209.8,115733.96,74099.41,102359,46341.9,70578.484,43031,1759.1,33733.95
209.8,74713.64,70116.33,69833,24813.33,67720.26,24013,63.7,4.25
209.9,80093.805,71297.984,73621,32467.23,66482.5,32005,149.94,68
210.3,74777.56,71125.57,68901,30600.72,67348.92,29777,-19.6,-21.25
210.4,91557.24,69714.94,86069,30663.03,67841.47,29621,14378.561,-15.3
210.6,94231,69487.84,88872,28256.19,67269.6,27528,118.58,96.9
211,135362.84,73338.84,120961,59341.44,69242.43,56165,1140.72,27528.951
211.1,88357.164,70195.6,82492,24861.69,66179.35,24620,13777.82,-49.300003
211.1,114572.52,76813.01,97752,45039.9,72961.61,40456,4771.62,24.650002
211.2,89486.64,69587.98,84276,26311.56,68027.25,25348,11809.98,4.25
211.2,123583.2,74286.41,109026,64817.28,70085.23,60610,1745.38,41578.6
211.2,90522.28,70260.77,84435,24406.92,68079.664,23495,130.34,-21.25
211.2,95511.44,69472.12,90100,25974.9,66402.375,25636,14269.78,-28.900002
211.4,102129.2,77028.26,86892,64738.23,71464.164,59368,1599.36,1683
212,96974.805,70401.35,90273,35624.582,68176.164,34245,12401.9,21.25
212,88359.2,70609.8,82010,31223.82,68223.12,29994,198.94,45.9
212,73721.52,70412.36,68616,20590.2,66381.305,20328,14871.5,45.9
212.2,83026.64,72007.33,75565,71901.09,70396.2,66937,1007.44,8346.15
212.3,95554.96,71307.44,87821,31984.56,68027.78,30813,151.90001,36.55
212.8,77865.44,70422.984,72462,27899.07,67954.87,26906,17881.08,46.75
213,139230,92717.195,98413,89213.97,89876.35,65053,637.98004,37347.3
213.1,82881.805,70782.95,76738,29476.35,68236.03,28310,18682.72,95.200005
213.5,116136.52,75350.19,101010,37971.9,69453.71,35830,4442.34,3.4
213.6,89175.88,68926.75,84789,24446.91,65821.16,24341,14279.58,77.35
213.7,121737.68,72411.266,110179,49758.72,68850.945,47363,997.64,26172.352
214.2,95037.484,69814.68,89213,26186.01,66596.55,25769,99.96,95.200005
214.5,79399.52,70723.16,73576,22463.22,67828.484,21704,14543.2,54.4
214.6,78417.6,70045.61,73369,20014.53,65345.1,20073,13737.641,65.450005
214.9,100007.6,70390.92,93110,31071.3,67395.54,30214,149.94,56.95
214.9,92039.36,70913.375,85060,27940.92,68397.445,26772,12905.62,67.15
215.4,74517.805,73299.79,66625,25952.58,79548.586,21381,243.04001,75.65
215.7,87654.72,70070.75,81982,23887.98,66703.13,23470,17227.42,20.400002
215.8,86352.52,70122.03,80705,23483.43,67155.82,22917,22.54,-5.1000004
215.8,78739.92,70667.74,73022,22839.871,67846.695,22062,12599.86,34.850002
216.1,85283.56,71569.43,78094,32473.74,67394.99,31578,45.08,42.5
216.1,75016.24,69825.375,70408,19014.78,66129.945,18844,7902.72,19.550001
216.2,75785.32,71728.08,69243,30204.541,67690.89,29243,49,-5.9500003
217,78576.04,72100.47,71422,33499.53,67797.71,32382,64.68,21.25
217.1,82858,71409.35,76043,33623.22,86078.81,25599,-110.740005,43.350002
217.1,78142.2,70756.28,72377,23148.63,67112.086,22605,12951.681,51.850002
217.2,72113.32,71579.23,66025,22134,65812.52,22041,2943.9202,10.200001
217.3,84578.4,71180.016,77872,33187.98,67496.51,32224,18332.861,44.2
217.3,71117.8,69137.65,67413,24337.17,67295.086,23701,-66.64,3.4
217.4,71959.64,70161.086,67216,19469.55,65961.36,19344,12075.561,-34
217.5,84570.92,68782.69,80579,35428.35,65302.56,35555,15770.16,70.55
217.6,95665.805,70260.49,89233,29660.49,67482.375,28805,-79.380005,73.950005
217.7,89094.96,69323.7,84227,33721.8,68329.836,32343,-22.54,-8.5
217.7,74176.44,73140.766,66464,34978.23,72874.27,31456,-11.76,13.6
217.8,75971.64,70286.4,70837,22551.57,65508.605,22561,16456.16,52.7
217.8,88176.96,69477.195,83175,30277.08,66910.77,29655,17946.74,15.3
218.1,90784.76,71743.27,82930,30653.73,66915.03,30022,14219.8,6.8
218.2,79492.68,70465.19,73932,29191.77,71235.92,26856,11693.36,100.3
218.3,114915.24,72576.88,103767,51724.742,70782.25,47891,818.3,8461.75
218.3,88623.04,70594.234,82273,42884.16,68028.38,41313,36.260002,40.800003
218.5,85835.04,71177.305,79032,31152.21,68916.8,29624,16916.76,100.3
219,114958.76,73865.75,101995,44810.19,68468.47,42891,25.48,86.700005
219.2,88278.96,71111.88,81357,30450.06,67543.586,29545,88.200005,-100.3
219.2,67125.52,71371.72,61637,22597.14,67742.84,21861,170.52,13.6
219.7,77273.84,69749.32,72606,23882.4,66247.234,23626,14894.04,39.95
220,63161.8,68956.2,60029,33148.92,68451.58,31737,70.56,-5.1000004
220.2,84051.4,71451.26,77093,37737.54,68788.91,35953,18889.5,96.9
220.3,80242.72,69647.27,75506,18561.871,64961.59,18726,13282.92,48.45
220.4,77770.24,69278.516,73569,17843.91,65841.93,17761,15105.721,-52.7
220.7,74039.76,70935.46,68404,18932.94,68070.5,18228,11389.561,59.5
221.1,72699.484,72127.19,66056,33269.82,68179.2,31980,2444.12,27.2
221.3,93026.04,70199.61,86846,30856.47,67927.766,29770,92.12,119.850006
221.6,82753.96,70073.82,77395,27101.13,67177.266,26439,14256.061,25.5
221.8,100597.164,71039.35,92804,31774.38,77376.85,26912,31.36,68
221.9,82410.56,72436.41,74560,29927.4,68205.664,28756,80.36,-20.400002
222,73850.72,70976.4,68190,19322.61,72903.08,17370,11235.7,3.4
222.3,70692.8,71814.914,64512,21239.34,66396.75,20964,14262.92,-6.8
223,123194.92,73765.46,109451,42417.3,70065.8,39675,1005.48004,363.80002
223.1,93777.44,71974.98,85388,34063.11,69431.445,32152,61.74,55.25
223.3,94058.96,69923.52,88157,28710.96,67207.25,27997,18661.16,69.700005
223.4,96736.805,72565.34,87366,30930.871,69558.9,29142,196,34
223.5,80830.24,70327.67,75323,27308.52,67629.945,26463,67.62,106.25
223.9,81673.44,71056.586,75328,32000.371,67843.44,30912,87.22,79.05
223.9,77247.32,72389.4,69934,30040.86,68526.2,28730,370.44,66.3
224.1,75597.64,69408.34,71380,22013.1,67338.055,21424,77.42,2.5500002
224.1,68754.12,70338.27,64060,22642.71,67279.32,22056,12001.08,52.7
224.3,82677.12,69082.25,78433,22197.24,66495.33,21877,153.86,63.75
224.6,76207.6,70112.75,71233,23741.97,68180.79,22821,89.18,-12.75
224.6,91743.56,71851.17,83680,31398.66,72496.57,28384,126.420006,99.450005
224.8,114246.805,74659.266,100286,62330.46,72491.375,56350,1122.1,180.20001
225,79220.68,70788.03,73343,28776.06,67557.516,27915,147,94.350006
225.2,86118.6,70346.12,80230,41180.4,68591.43,39346,14968.5205,62.9
225.3,114119.64,76512.51,97748,62969.37,71565.63,57664,840.84,22899
225.7,86001.64,69767.086,80786,31410.75,67532.805,30482,-33.32,18.7
225.9,86215.84,71229.914,79324,33630.66,67632.836,32588,69.58,31.45
226,76658.44,70227.81,71537,24544.56,66930.984,24033,78.4,46.75
226,88317.04,69940.74,82755,29212.23,67517.29,28355,177.38,50.15
226.3,83092.6,69153.44,78746,39451.53,65932.97,39214,128.38,43.350002
226.5,71196,71120.04,65606,27112.291,67258.35,26418,17080.42,25.5
226.6,96286.64,69401.266,90924,24586.41,66483.54,24236,15837.78,96.9
226.6,81422.52,71644.83,74480,36960.992,78594.28,30820,110.740005,68
226.7,96394.76,69567.195,90809,27102.06,67002.17,26509,196.98001,86.700005
227.1,71540.76,72647.05,64538,28106.46,68910.78,26730,15.68,-33.15
227.3,89329.56,69305.48,84471,26677.05,66660.586,26227,61.74,-19.550001
227.3,80090.4,69816.51,75180,19765.291,65940.65,19644,13251.561,52.7
227.7,71818.2,70140.05,67104,28737.93,71210.266,26448,53.9,83.3
227.7,113275.08,74019.82,100292,65891.43,72216.55,59796,973.14,4953.8003
227.9,96713.68,72080.19,87933,27805.14,67718.52,26909,104.86,52.7
228.5,75968.24,71244.75,69881,23605.26,67575,22893,15938.721,36.55
228.6,88995.68,70201.625,83081,23963.31,67156.7,23385,5.88,118.15
228.7,110479.6,76102.5,95140,46499.07,70514.695,43216,1594.4601,39271.7
228.7,74182.56,71195.1,68286,27948.36,67463.12,27150,11.76,50.15
229.3,96589.24,68649.19,92209,24537.121,66677.64,24117,14022.82,-12.75
229.8,81822.36,69896.37,76718,22146.09,66655.93,21774,10694.74,18.7
229.9,94481.24,70952.95,87268,32565.81,67633.195,31556,69.58,-41.65
230.4,81687.72,71753.9,74609,33066.15,68461.86,31653,11267.061,69.700005
230.5,82914.44,70314.2,77280,26868.63,66942.77,26304,21403.201,35.7
230.8,74041.12,71408.625,67952,28445.91,68699.555,27136,114.66,39.95
230.8,133435.72,72887.664,119977,62045.88,69650.04,58381,1043.7001,24661.9
231.3,72122.164,69174.12,68329,17474.7,66718.43,17165,9525.601,24.650002
231.3,95108.2,69775.125,89330,32318.43,70633.65,29986,22.54,23.800001
231.7,81931.164,75758.24,70876,25201.14,80659.41,20476,15455.58,31.45
231.8,85788.805,78553.84,71572,38637.78,93313.89,27136,18471.041,67.15
232,77071.2,69915.97,72243,19427.7,67255.49,18931,11437.58,66.3
232.4,87435.76,70048.65,81803,27512.19,67360.516,26767,48.02,-27.2
232.9,116462.24,72689.49,105001,52341.332,71826.984,47757,1084.86,23178.65
233.1,131847.23,74259.33,116359,45895.5,69820.734,43079,1641.5,45781
233.4,70775.08,71246.9,65102,21035.67,66438.25,20750,10083.22,-19.550001
233.8,91863.24,69789.83,86264,28334.31,67406.62,27548,139.16,58.65
233.9,104642.484,71318.555,96158,29513.55,68273.914,28330,62.72,3.4
233.9,81953.6,74661.32,71937,46574.4,70575.05,43249,126.420006,-27.2
234.2,84353.32,76934.13,71856,26790.51,89287.17,19664,15225.28,89.25
234.3,84879.64,69252.93,80324,23141.19,67511.625,22464,16600.22,56.95
234.8,98263.4,71762.93,89737,40939.53,68254.43,39309,11.76,51
235.1,87962.76,76422.836,75432,32426.31,81508.54,26072,106.82,26.35
235.1,78699.12,71407.57,72228,27393.15,68751.43,26112,13703.34,56.95
235.2,78884.08,68845.51,75092,22832.43,68201.734,21940,99.96,103.700005
235.2,76857.68,71280.21,70664,27127.17,67157.99,26472,22.54,-13.6
235.4,102461.72,78849.84,85161,58260.78,74653.99,51145,1246.56,40159.95
235.6,92891.4,72600.91,83852,23114.22,75589.5,20040,14043.4,36.55
235.7,97289.64,71430.68,89261,39824.46,68978.41,37837,15457.54,56.95
236.1,86370.88,70323.42,80491,30467.73,68988.47,28943,17398.92,91.8
236.4,86203.6,71135.5,79418,26806.32,67918.47,25866,100.94,70.55
236.4,71139.56,71226.516,65456,27029.52,67007.36,26436,15988.7,73.1
236.8,82685.96,69441.12,78036,17562.121,65380.094,17604,12434.24,123.25
237.1,78863,69378.69,74495,23831.25,66780.9,23387,295.96,53.550003
237.1,79889.805,69935.59,74864,25277.4,67450.31,24560,-1.96,-5.1000004
237.1,113859.88,72304.73,103201,40576.832,69076.63,38497,914.34,63.75
237.4,67758.6,70319.84,63149,24438.541,66048.266,24249,11026.96,-47.600002
237.8,76720.32,70241.305,71581,25835.4,68115.57,24857,12645.92,28.900002
238,60832.8,68317.54,58356,40173.21,67019.445,39284,158.76001,12.75
238.2,79379.805,70671.02,73612,24026.55,66562.57,23656,12893.86,47.600002
238.3,89470.32,68807.82,85216,26908.621,71050.91,24820,102.9,77.35
238.5,93619.68,70867.9,86576,45966.18,71554.38,42100,220.5,44.2
238.6,122527.84,73987.26,108532,51933.06,71471.76,47620,1638.56,33778.152
239,80892.805,71041.37,74624,26558.94,67017.05,25972,18330.9,4.25
239,80976.44,68174.92,77842,22867.77,65817.4,22770,12868.38,16.15
239.1,86544.96,73138.42,77549,29796.27,68122.4,28665,18695.46,114.75
239.4,93656.4,70722.516,86788,27634.951,66770.55,27124,15625.12,121.55
239.8,160679.23,117211.43,89840,52691.94,116584.03,29620,15658.44,91.8
239.9,72559.4,71347.695,66649,23177.46,66583.01,22813,17501.82,-59.5
240.2,102883.32,74463.125,90549,48043.8,71117.805,44273,686.98004,15606.851
240.3,102994.84,69868.64,96608,31323.33,67172.97,30560,108.78,-18.7
240.4,93123.28,71065.09,85878,26568.24,67924.484,25634,56.84,158.95
240.5,93098.12,70045.1,87105,29427.99,68329.24,28225,48.02,28.900002
240.7,85427.72,69620.37,80416,22415.791,65723.03,22352,13182.96,0
240.8,148153.64,73881.8,131418,63557.13,68641.11,60682,753.62,27688.75
240.9,73856.84,68438.06,70725,24965.85,66443.125,24625,105.840004,61.2
241,124007.52,72233.195,112510,74134.02,69459.98,69946,1346.52,52876.8
241.2,82685.28,69928.03,77492,36944.25,67247.484,36004,-17.64,-41.65
241.5,90760.96,71065.484,83699,28217.13,66868.125,27655,62.72,56.95
241.7,93547.6,70687.6,86730,34388.61,67927.3,33178,16103.36,13.6
241.7,77936.164,69487.7,73504,23048.19,66156.54,22832,16002.42,9.35
241.8,74343.72,71417.74,68221,23015.64,66502.94,22681,13358.38,-28.050001
242.2,70535.04,70391.12,65670,35821.742,68359.836,34342,80.36,-22.1
242.2,76339.52,70446.75,71018,25428.06,80326.484,20746,16.66,9.35
242.6,80600.4,76490.84,69057,31092.69,75534.36,26977,13483.82,3.4
242.8,131991.4,71649.63,120729,40037.43,77080.375,34041,20727.98,-5.1000004
242.8,81266.12,80508.164,66153,37433.43,96946.74,25305,178.36,69.700005
242.9,84936.08,70003.15,79516,21256.08,66947.25,20808,14172.761,-9.35
243,84912.28,69709.14,79829,20616.24,67229.23,20097,15207.641,-6.8
243.1,83539.36,71291.56,76795,29836.26,67792.84,28843,17286.22,-22.1
243.1,67587.92,71527.984,61926,18995.25,67751.86,18374,12547.92,71.4
243.1,89686.56,70728.73,83102,31743.69,67408.28,30862,140.14,9.35
243.2,123054.84,75320.09,107070,63832.41,70367.05,59450,267.54,25992.15
243.3,103081.2,74043.75,91237,51977.7,71244.445,47813,1018.22003,35821.55
243.5,67761.32,68978.04,64380,25561.98,65541.08,25560,116.62,57.800003
244.7,77702.92,71538.695,71183,34679.7,66816.664,34015,10249.82,56.95
244.9,84309.12,68869.75,80228,29407.53,65392.64,29472,51.940002,4.25
245,97891.44,74410.07,86217,24680.34,86287.05,18745,11216.101,31.45
245.1,96538.92,70150.18,90189,30713.25,67100.83,29997,167.58,29.75
245.2,80841.805,70252.85,75414,21313.74,67251.68,20770,13377,71.4
245.5,126217.52,72997.56,113316,50343.69,69355.79,47571,1007.44,23967.451
245.6,95723.6,74331.336,84397,49558.77,70317.26,46189,1230.88,26174.05
245.8,89609.72,70674.93,83094,26750.52,68593.87,25558,115.64,77.35
245.9,86055.36,76161.02,74050,31294.5,76842.125,26690,68.6,33.15
246.3,88072.92,71058.586,81228,31379.13,68339.18,30092,220.5,53.550003
246.3,84572.96,70949.484,78120,24458.07,67032.63,23912,118.58,122.4
246.5,74780.96,71749.44,68305,27289.92,68437.31,26133,76.44,54.4
246.8,90331.88,69730.62,84898,23591.31,66727.664,23170,15455.58,35.7
247.7,86170.96,70836.53,79723,31087.11,67561.76,30155,72.520004,71.4
247.8,82603,70608.33,76669,25181.61,67743.61,24361,19195.26,87.55
247.9,64465.36,70799.21,59673,22851.03,67735.55,22109,19650.96,19.550001
248.2,103549.04,68789.17,98652,19220.31,66463.81,18952,136.22,8.5
248.4,68331.84,74961.43,59740,24162.33,91236.61,17356,15097.88,16.15
248.9,82971.56,69905.836,77785,38029.56,68153.484,36569,21.560001,103.700005
248.9,104153.56,74372.22,91779,59069.88,71095.17,54451,1585.64,30998.65
248.9,65766.2,70013.875,61560,24417.15,67190.23,23816,17.64,72.25
249.2,73637.2,71075.55,67898,22439.041,67899.4,21658,15304.66,69.700005
249.3,82683.24,69069.75,78453,21696.9,65875.75,21585,14898.94,68.85
250.1,66013.72,71725.64,60317,28274.791,67155.31,27593,12521.46,41.65
250.2,85157.76,70134.695,79574,28382.67,68052.78,27333,78.4,62.9
250.2,82752.6,70932.35,76457,37048.41,68361.76,35517,78.4,-20.400002
250.3,66072.88,68267.71,63429,22960.77,66076.36,22773,71.54,2.5500002
250.5,125870.04,73798.91,111777,51492.242,70988.82,47537,853.58,39128.05
250.5,80104.68,69548.64,75483,28591.92,65981.195,28399,14881.3,55.25
250.7,93449,71109.13,86125,32085,67306.51,31241,22960.42,43.350002
250.7,76244.32,71158.47,70220,28976.01,67291.7,28220,0,11.05
250.9,74502.164,70820.445,68943,17534.22,71896.56,15983,13186.88,93.5
250.9,82581.24,70802.13,76439,24920.28,66359.58,24611,14819.561,45.9
251,75239.96,68986.19,71477,20123.34,65296.984,20197,7661.64,51
251.1,114971.68,76230.59,98842,54626.34,72000.164,49722,714.42004,42012.1
251.2,78228.56,70014.164,73225,23509.47,66614.06,23129,14853.86,52.7
251.8,81662.56,72289.89,74033,37705.92,67147.5,36801,19497.1,20.400002
251.9,78078.96,69377.17,73756,31015.5,66696.15,30476,20854.4,51.850002
252,118685.164,72973.98,106588,36588.06,69526.65,34488,1547.42,33.15
252.1,85057.805,70652.59,78898,34728.992,66151.23,34406,10354.681,23.800001
252.4,66110.28,70186.36,61730,19257.51,65547.945,19254,9378.601,18.7
252.7,72573.68,70885.27,67097,39004.2,69557.8,36749,160.72,51.850002
252.8,98579.6,69957.59,92349,37659.42,70352.836,35081,98.98,58.65
252.8,104868.24,68578.32,100216,30492.84,66206.555,30184,99.96,101.15
253.1,75280.08,68721.086,71791,17865.3,65987.734,17743,10979.92,69.700005
253.1,127920.92,75767.99,110646,54627.27,70002.2,51142,743.82,31265.55
253.3,91166.92,70441.6,84818,27688.89,75489.61,24038,99.96,77.35
253.3,76946.76,70490.97,71538,30989.46,72434.74,28038,80.36,13.6
253.4,78197.96,70674.945,72512,29879.97,68144.97,28736,76.44,50.15
253.8,77564.2,70397.3,72208,26718.9,66287.48,26416,18375,71.4
254.6,77863.4,70328.93,72557,27971.61,68449.555,26781,321.44,103.700005
254.8,94832.12,70142.63,88604,30161.76,67481.94,29292,14.700001,-0.85
254.9,104918.56,74565.06,92214,62085.87,69842.07,58258,1960,28997.75
254.9,98507.52,68981.69,93587,28712.82,66996.24,28087,99.96,-56.100002
255.1,82527.52,68732.914,78689,18214.05,65381.83,18257,14811.721,20.400002
255.1,81899.2,73026.11,73499,32574.18,68249.664,31279,-16.66,43.350002
255.5,87182.12,69979.76,81646,33084.75,67458.23,32142,18.62,38.25
255.6,62639.562,71299.61,57576,23926.11,66183.59,23692,15793.681,34
255.9,77692.04,72152.055,70568,23798.7,67623.64,23064,15182.16,10.200001
256,89891.24,69808.19,84390,23082.6,66717,22674,17433.22,107.950005
256.2,97291.68,69540.59,91689,30597,67869.52,29545,22.54,-25.5
257,85056.44,70068.86,79554,24153.03,66783.09,23702,14111.0205,75.65
257.1,86928.484,70712.41,80565,26813.76,66239.46,26529,40.18,5.9500003
257.2,80971,70612.31,75150,27756.78,66961.21,27166,17342.08,50.15
258.3,80097.88,71926.87,72981,29521.92,68392.25,28289,84.28,58.65
258.4,87505.805,69595.16,82402,24384.6,66041.37,24198,15287.0205,30.6
258.5,93359.92,70760.37,86467,38116.05,67115.55,37219,52.920002,32.3
258.6,125579.68,75535.67,108955,68430.33,70692.32,63439,696.78,16711.85
258.6,89787.2,71020.03,82854,25377.84,66788.3,24902,147,22.95
258.7,102384.88,69847.445,96065,33039.18,67392.57,32129,16.66,157.25
258.8,110169.52,73476.99,98263,67176.69,71609.68,61479,673.26,31290.201
258.9,83477.484,71019.59,77032,29144.34,68744.734,27784,51.940002,-7.65
259.1,124105.44,74986.15,108465,75170.97,70103.805,70273,1975.68,40069
259.3,143330.4,72223.38,130059,43826.25,68859.46,41711,1440.6,22717.951
259.3,87015.52,69112.14,82513,23601.541,66108.93,23397,167.58,28.050001
259.3,118540.32,77151.92,100693,51535.95,83203.01,40593,473.34,37131.402
259.4,83078.32,71235.77,76431,32768.55,70201.03,30591,147,-47.600002
259.7,105708.04,71928.09,96314,40712.61,67964.27,39258,53.9,75.65
259.7,101688.56,73767.86,90341,31742.76,86272.69,24113,105.840004,48.45
259.9,92000.6,70584.77,85420,39979.77,67535.67,38796,14914.62,3.4
260.8,84660,71434.914,77669,34285.38,66998.445,33537,18035.92,19.550001
261,78746.04,72898.46,70793,31355.88,68259.06,30105,13405.42,-31.45
261.2,115688.4,72339.47,104808,58497,70228.98,54588,1249.5,38012.85
261.3,78308.805,70708.81,72580,27682.38,66688.445,27204,18501.42,43.350002
261.5,80591.56,69707.26,75769,22659.45,66351.36,22381,10529.12,18.7
261.6,91320.6,70335.61,85089,34083.57,67628.48,33029,89.18,45.050003
261.6,83183.72,69301.445,78664,20089.86,66108.11,19916,14594.16,43.350002
261.6,83175.56,71396.68,76348,22881.72,66778.44,22456,15472.24,-29.75
262.5,140486.64,84731.57,108660,52660.32,88255.6,39104,126.420006,86.700005
262.5,85990.08,68952.83,81729,26863.05,65914,26709,63.7,30.6
262.5,100306.805,70764.914,92895,26669.61,68533.88,25503,88.200005,60.350002
262.8,84341.76,72747.43,75981,36359.28,69306.94,34381,106.82,15.3
262.8,78814.04,71416.914,72324,32221.71,67751.61,31168,82.32,48.45
262.9,126387.52,72654.12,114005,50161.41,68252.43,48165,1019.2,38178.6
263,107066.68,76875.375,91274,56799.75,75890.484,49050,690.9,26763.951
263.1,70235.84,70269.086,65505,22785,66552.47,22437,11679.641,24.650002
263.7,87195.72,68809.11,83048,18493.98,66755.984,18156,12365.641,90.100006
264,115532,74162.09,102094,53431.29,74367.6,47086,1429.8201,29765.3
264.1,81982.84,69607.04,77188,24310.2,65932.51,24164,15069.46,-31.45
264.1,80125.76,70575.805,74404,23440.65,67188.875,22864,15119.44,-39.100002
264.2,85235.96,70379.54,79370,29764.65,68200,28602,144.06,37.4
264.3,89788.56,71935.35,81801,36541.56,67609.26,35421,20900.46,-45.050003
264.3,86091.4,69990.64,80612,33292.14,66673.805,32724,-3.92,3.4
264.5,71630.52,69233.51,67805,21528.57,74567.74,18921,10189.061,-1.7
264.6,79553.2,72281.586,72129,31851.57,70901.96,29441,18149.6,44.2
264.9,94005.92,71799.69,85805,39714.72,67792.14,38393,-52.920002,-8.5
265,101333.6,75003.09,88543,38312.28,70246.87,35743,2439.22,29.75
265,133965.44,75866.375,115724,66797.25,75273.83,58156,773.22003,40896.902
265.5,99792.72,71029.23,92075,33304.23,67634.29,32271,106.82,90.950005
265.8,85310.76,70499.04,79305,25339.71,66001.484,25161,69.58,24.650002
265.9,70695.52,71529.4,64772,27917.67,67934.516,26932,110.740005,-32.3
266,69145.8,71933.76,62996,22957.98,66117.695,22756,11428.76,-23.800001
266,123069.125,72426.9,111360,42443.34,70177.79,39636,489.02002,8280.7
266.2,101054.805,72893.37,90855,50760.332,69829.945,47639,551.74,27293.5
266.3,86414.4,71838.625,78833,32271.93,68487.85,30881,224.42,144.5
266.6,76725.76,71238.51,70584,22954.26,66835.36,22508,182.28,38.25
266.6,103654.44,73505.65,92416,73505.34,70456.42,68372,1359.26,29687.951
266.7,67473.68,70398.73,62813,24235.8,65935.39,24089,12980.101,79.9
267.1,80082.92,73434.83,71469,39042.332,70454.01,36317,89.18,81.600006
267.1,100653.6,70788.586,93185,32702.52,68165.53,31441,140.14,79.05
267.2,61522.32,68300.695,59032,47528.582,67304.09,46280,110.740005,29.75
267.7,84209.164,70598.2,78171,27336.42,69119.94,25919,88.200005,99.450005
267.8,77503,69108.09,73497,17345.43,65012.87,17485,15478.12,-11.900001
268,122360.56,74573.35,107532,59709.72,70324.5,55644,901.60004,29752.55
268.7,70673.76,71064.13,65176,22515.3,67278.99,21932,13487.74,-0.85
269.1,109981.164,74576.305,96649,62378.82,69699.05,58653,986.86005,30206.451
269.2,88308.2,70381.086,82229,23248.14,66669.16,22853,18884.6,80.75
269.7,93747.52,70626.94,86990,31948.291,67388.586,31070,17225.46,95.200005
269.8,77514.56,71105.555,71443,35988.21,69134.5,34115,96.04,0.85
269.8,78917.4,70066.125,73815,23874.96,73572.65,21267,11115.16,108.8
270.1,146191.16,74324.96,128904,51412.26,70583.086,47736,1582.7001,340
270.4,77538.36,70255.14,72330,23840.55,67177.5,23258,114.66,-53.550003
270.5,96861.92,70338.1,90249,32353.77,66742.32,31769,373.38,26.35
270.6,67643,73302.664,60476,27649.83,68576.266,26424,-2.94,26.35
270.7,108232.88,73982.54,95876,44956.2,69487.01,42400,570.36,18875.951
270.9,90055.12,70564.25,83638,33432.57,68260.85,32098,-15.68,-44.2
271,76646.2,71479.59,70273,31359.6,68503.805,30001,113.68,52.7
271,93092,70651.266,86352,30253.83,67092.414,29552,-12.74,41.65
271.2,81841.4,70168.74,76438,19166.371,65743.086,19106,13518.12,-49.300003
